-- phpMyAdmin SQL Dump
-- version 5.0.4
-- https://www.phpmyadmin.net/
--
-- Host: 127.0.0.1
-- Generation Time: Nov 28, 2021 at 06:03 AM
-- Server version: 10.4.17-MariaDB
-- PHP Version: 7.3.26

SET SQL_MODE = "NO_AUTO_VALUE_ON_ZERO";
START TRANSACTION;
SET time_zone = "+00:00";


/*!40101 SET @OLD_CHARACTER_SET_CLIENT=@@CHARACTER_SET_CLIENT */;
/*!40101 SET @OLD_CHARACTER_SET_RESULTS=@@CHARACTER_SET_RESULTS */;
/*!40101 SET @OLD_COLLATION_CONNECTION=@@COLLATION_CONNECTION */;
/*!40101 SET NAMES utf8mb4 */;

--
-- Database: `quanlydathang`
--
CREATE DATABASE IF NOT EXISTS `quanlydathang` DEFAULT CHARACTER SET utf8mb4 COLLATE utf8mb4_general_ci;
USE `quanlydathang`;

-- --------------------------------------------------------

--
-- Table structure for table `chitietdathang`
--

CREATE TABLE `chitietdathang` (
  `SoDonDH` int(11) NOT NULL,
  `MSHH` int(11) NOT NULL,
  `SoLuong` int(11) NOT NULL,
  `GiaDatHang` float NOT NULL,
  `GiamGia` int(11) NOT NULL
) ENGINE=InnoDB DEFAULT CHARSET=utf8mb4;

--
-- Dumping data for table `chitietdathang`
--

INSERT INTO `chitietdathang` (`SoDonDH`, `MSHH`, `SoLuong`, `GiaDatHang`, `GiamGia`) VALUES
(82, 52, 1, 4.312, 0),
(83, 61, 3, 10.99, 0),
(83, 62, 1, 11.99, 0),
(83, 63, 1, 3.99, 0),
(84, 52, 1, 4.312, 0),
(84, 63, 1, 3.99, 0),
(85, 61, 1, 10.99, 0),
(85, 63, 1, 3.99, 0),
(86, 59, 2, 43.99, 0),
(86, 62, 1, 11.99, 0),
(87, 53, 1, 23.99, 0),
(87, 59, 3, 43.99, 0),
(87, 62, 2, 11.99, 0),
(87, 63, 3, 3.99, 0),
(88, 53, 1, 23.99, 0),
(88, 61, 1, 10.99, 0),
(88, 62, 1, 11.99, 0),
(88, 74, 12, 15.49, 0),
(89, 61, 1, 10.99, 0),
(89, 74, 18, 15.49, 0),
(90, 63, 1, 3.99, 0),
(90, 74, 3, 15.49, 0),
(90, 77, 3, 9.49, 0),
(91, 54, 1, 39.49, 0),
(91, 62, 1, 11.99, 0),
(91, 82, 1, 25.99, 0),
(91, 84, 1, 11.99, 0),
(96, 74, 1, 15.49, 0),
(97, 54, 5, 39.49, 0),
(97, 84, 4, 11.99, 0),
(98, 63, 1, 3.99, 0),
(98, 82, 3, 25.99, 0),
(99, 74, 10, 15.49, 0),
(100, 74, 2, 15.49, 0),
(100, 77, 1, 9.49, 0),
(101, 54, 3, 39.49, 0),
(101, 58, 1, 8.49, 0),
(101, 82, 4, 25.99, 0),
(102, 61, 3, 10.99, 0),
(102, 82, 2, 25.99, 0),
(103, 57, 8, 4.69, 0),
(103, 62, 2, 11.99, 0),
(103, 74, 8, 15.49, 0),
(103, 82, 1, 25.99, 0),
(103, 90, 20, 32.49, 0),
(103, 92, 1, 15.742, 0),
(104, 92, 1, 15.742, 0),
(105, 79, 1, 12.99, 0),
(106, 55, 1, 26.49, 0),
(107, 82, 2, 25.99, 0),
(108, 93, 1, 18.49, 0),
(109, 74, 2, 15.49, 0),
(109, 93, 1, 18.49, 0),
(110, 59, 1, 43.99, 0);

-- --------------------------------------------------------

--
-- Table structure for table `dathang`
--

CREATE TABLE `dathang` (
  `SoDonDH` int(11) NOT NULL,
  `MSKH` int(11) NOT NULL,
  `MSNV` int(11) DEFAULT NULL,
  `NgayDH` date NOT NULL,
  `NgayGH` date NOT NULL,
  `TrangThaiDH` int(11) DEFAULT 0
) ENGINE=InnoDB DEFAULT CHARSET=utf8mb4;

--
-- Dumping data for table `dathang`
--

INSERT INTO `dathang` (`SoDonDH`, `MSKH`, `MSNV`, `NgayDH`, `NgayGH`, `TrangThaiDH`) VALUES
(82, 102, 9, '2021-10-11', '2021-10-11', 2),
(83, 103, 8, '2021-10-12', '2021-10-12', 2),
(84, 104, 9, '2021-10-12', '2021-10-12', 1),
(85, 105, 10, '2021-10-13', '2021-10-13', 2),
(86, 106, 9, '2021-10-13', '2021-10-13', 2),
(87, 107, 8, '2021-10-15', '2021-10-15', 2),
(88, 108, 11, '2021-10-16', '2021-10-16', 1),
(89, 109, 10, '2021-10-16', '2021-10-16', 1),
(90, 110, 11, '2021-10-17', '2021-10-17', 1),
(91, 111, 11, '2021-10-26', '2021-10-26', 0),
(96, 116, 9, '2021-10-27', '2021-10-27', 2),
(97, 117, 9, '2021-11-09', '2021-11-09', 1),
(98, 118, 11, '2021-11-09', '2021-11-09', 1),
(99, 119, 11, '2021-11-09', '2021-11-09', 1),
(100, 131, 8, '2021-11-10', '2021-11-10', 1),
(101, 134, 11, '2021-11-11', '2021-11-11', 0),
(102, 135, 9, '2021-11-11', '2021-11-11', 2),
(103, 136, 11, '2021-11-13', '2021-11-13', 2),
(104, 137, 11, '2021-11-18', '2021-11-18', 2),
(105, 138, 11, '2021-11-18', '2021-11-18', 2),
(106, 139, 11, '2021-11-18', '2021-11-18', 0),
(107, 141, 11, '2021-11-27', '2021-11-27', 0),
(108, 142, 7, '2021-11-27', '2021-11-27', 0),
(109, 146, 7, '2021-11-27', '2021-11-27', 0),
(110, 147, 7, '2021-11-27', '2021-11-27', 0);

-- --------------------------------------------------------

--
-- Table structure for table `diachikh`
--

CREATE TABLE `diachikh` (
  `MaDC` int(11) NOT NULL,
  `DiaChi` varchar(255) NOT NULL,
  `MSKH` int(11) NOT NULL
) ENGINE=InnoDB DEFAULT CHARSET=utf8mb4;

--
-- Dumping data for table `diachikh`
--

INSERT INTO `diachikh` (`MaDC`, `DiaChi`, `MSKH`) VALUES
(9, 'Vĩnh Lợi, Bạc Liêu', 102),
(10, 'Kế Sách, Sóc Trăng', 103),
(11, 'Cái Răng, Cần Thơ', 104),
(12, 'Cái Bè, Tiền Giang', 105),
(13, 'Quận 1, TPHCM', 106),
(14, 'Ninh Kiều, Cần thơ', 107),
(15, 'Đống Đa, Hà Nội', 108),
(16, 'Châu Thành, Sóc Trăng', 109),
(17, 'Châu Thành, Tiền Giang', 110),
(18, 'Quận 1, TP HCM', 111),
(23, 'Châu Thành, Tiền Giang', 116),
(24, 'Test', 117),
(25, 'Cái Bè, Tiền Giang', 118),
(26, 'Châu Thành, An Giang', 119),
(27, 'Cái Răng, Cần Thơ', 129),
(28, 'Đống Đa, Hà Nội', 130),
(29, 'Ninh Kiều, Cần Thơ', 131),
(30, 'Ninh Kiều, Cần Thơ', 132),
(32, 'Ninh Kiều, Cần Thơ', 134),
(33, 'Đống Đa, Hà Nội', 135),
(34, 'Đầm Dơi, Cà Mau', 136),
(35, 'test', 137),
(36, 'test2', 138),
(37, 'Cái Bè, Tiền Giang', 139),
(38, 'Hòa Hưng, Cái Bè, Tiền Giang', 140),
(39, 'Hòa Hưng, Cái Bè, Tiền Giang', 141),
(40, 'Xã Hòa Hưng', 142),
(44, 'Ninh Kiều, Cần Thơ', 146),
(45, 'Quận 2, TPHCM', 147);

-- --------------------------------------------------------

--
-- Table structure for table `hanghoa`
--

CREATE TABLE `hanghoa` (
  `MSHH` int(11) NOT NULL,
  `TenHH` varchar(50) NOT NULL,
  `QuyCach` text NOT NULL,
  `Gia` float NOT NULL,
  `SoLuongHang` int(11) NOT NULL,
  `MaLoaiHang` int(11) NOT NULL
) ENGINE=InnoDB DEFAULT CHARSET=utf8mb4;

--
-- Dumping data for table `hanghoa`
--

INSERT INTO `hanghoa` (`MSHH`, `TenHH`, `QuyCach`, `Gia`, `SoLuongHang`, `MaLoaiHang`) VALUES
(52, 'Oppo Watch 41mm dây silicone hồng', '<h3>Mang thiết kế&nbsp;đơn giản, sang trọng</h3><p><a href=\"https://www.thegioididong.com/dong-ho-thong-minh/oppo-watch-41mm-day-silicone\">Đồng hồ thông minh Oppo Watch màu&nbsp;hồng</a>&nbsp;phiên&nbsp;bản&nbsp;41mm trang bị màn hình <a href=\"https://www.thegioididong.com/tin-tuc/loai-man-hinh-tft-lcd-amoled-la-gi--592346\">AMOLED</a> 1.6 inch cùng độ phân giải là 320 x 360 pixels, mật độ điểm ảnh 326ppi cho chất lượng hiển thị cực kì sắc nét. <a href=\"https://www.thegioididong.com/day-dong-ho\">Dây đeo</a> làm từ silicone với thiết kế mang lại cảm giác vô cùng mềm mại, không bị đau khi đeo lâu.&nbsp;</p><p>Thiết kế của Oppo Watch khá giống với <a href=\"https://www.thegioididong.com/dong-ho-thong-minh-apple\">Apple watch</a>, tuy nhiên vẫn có một số điểm khác biệt:</p><p>+ Không có núm xoay Digital Crown, thay vào đó là hai phím cứng vật lý ở cạnh phải.</p><p>+ Ở cạnh trái là dải loa dùng để phát nhạc và thực hiện nghe gọi.</p><p>+ Ở mặt lưng trang bị các đèn cảm biến khá giống với Apple Watch, hãng còn in thêm logo ở mặt sau.</p><h3><img src=\"https://cdn.tgdd.vn/Products/Images/7077/225649/oppo-watch-41mm-day-silicone.jpg\" alt=\"Đồng hồ OppoĐồng hồ Oppo Watch 41mm dây silicone hồng có thiết kế đơn giản, sang trọng Watch 41mm dây silicone hồng kết nối thiết bị qua sóng bluetooth\"></h3><h3>Kết nối với&nbsp;điện thoại nhanh chóng (Bluetooth v4.2)</h3><p><a href=\"https://www.thegioididong.com/tim-kiem?key=Oppo+Watch\">Oppo Watch</a> kết nối với điện thoại thông qua sóng Bluetooth 4.2, kết nối cho phép người dùng có thể xem tin nhắn, nghe nhận cuộc gọi (chỉ nghe gọi được trên điện thoại Android), kiểm tra thông báo ứng dụng (Facebook, Messenger, Zalo, Instagram …), xem video, tải ứng dụng&nbsp;từ Google Play, luyện tập thể thao,… Và còn nhiều tính năng khác.&nbsp;Oppo Watch tương thích&nbsp;với&nbsp;<a href=\"https://www.thegioididong.com/dtdd\">điện thoại</a>&nbsp;chạy hệ điều hành Android và iOS.</p><h3><img src=\"https://cdn.tgdd.vn/Products/Images/7077/225649/oppo-watch-41mm-day-silicone22.jpg\" alt=\"Đồng hồ Oppo Watch 41mm dây silicone hồng kết nối thiết bị qua sóng bluetooth\"></h3><h3>Thoải&nbsp;mái&nbsp;tuỳ&nbsp;chỉnh giao diện&nbsp;đồng hồ</h3><p>Oppo Watch tích hợp nhiều mặt đồng hồ theo từng phong cách, người dùng có thể tuỳ chỉnh giao diện trên <a href=\"https://www.thegioididong.com/dong-ho\">đồng hồ</a>, ngoài ra còn sử dụng trí tuệ nhân tạo AI để điều chỉnh mặt đồng hồ và màu sắc, style thích hợp với bộ đồ outfit của người dùng.</p><h3><img src=\"https://cdn.tgdd.vn/Products/Images/7077/225649/oppo-watch-41mm-day-silicone-writee3.jpg\" alt=\"Đồng hồ Oppo Watch 41mm dây silicone hồng tích hợp rất nhiều mặt đồng hồ phong cách\"></h3><h3>Thời lượng pin khoảng 1 ngày. Hỗ trợ sạc nhanh</h3><p>Trang bị viên <a href=\"https://www.thegioididong.com/sac-dtdd\">pin</a>&nbsp;dung lượng 300mAh dùng được 1 ngày trong một&nbsp;lần sạc, Oppo Watch có hỗ trợ&nbsp;<a href=\"https://www.thegioididong.com/tin-tuc/cac-chuan-sac-nhanh-dien-thoai-1244178\">sạc nhanh VOOC</a>, mất 15 phút từ 0% lên 30% và mất 75 phút tiếp theo để sạc đầy pin.</p><p><strong>Lưu&nbsp;ý:</strong></p><p>- Trong lần đầu mở máy và kết nối với điện thoại, đồng hồ sẽ xuất hiện tình trạng ấm lên và nhanh hao hụt pin do quá trình đồng bộ dữ liệu từ tài khoản Google và cập nhật phần mềm trên Oppo Watch. Bạn có thể sử dụng hoàn toàn bình thường trong vòng 2-3 ngày đầu để việc đồng bộ và cập nhật hoàn thành hẳn, sau đó pin của đồng hồ sẽ ổn định và có thể sử dụng lên đến 24 giờ.</p><p>- Thời lượng pin có thể thay&nbsp;đổi&nbsp;ít nhiều tuỳ thuộc vào mật&nbsp;độ sử dụng của người&nbsp;đeo.&nbsp;</p><h3><img src=\"https://cdn.tgdd.vn/Products/Images/7077/225649/oppo-watch-41mm-day-silicone-writee11.jpg\" alt=\"Đồng hồ Oppo Watch 41mm dây silicone hồng có viên pin dùng được khoảng 1 ngày\"></h3><h3>Theo dõi nhịp tim</h3><p>Trang bị các đèn cảm biến ở mặt sau cùng thiết kế ôm trọn cổ&nbsp;tay giúp tính năng <a href=\"https://www.thegioididong.com/dong-ho-thong-minh-do-nhip-tim\">đo nhịp tim</a> người dùng được liên tục và chính xác. Khi phát hiện hoạt động của tim có dấu hiệu bất thường, đồng hồ sẽ gửi những số liệu và cảnh báo sức khoẻ đến người dùng kịp thời.</p><h3><img src=\"https://cdn.tgdd.vn/Products/Images/7077/225649/oppo-watch-41mm-day-silicone-writee5.jpg\" alt=\"Đồng hồ Oppo Watch 41mm dây silicone hồng trang bị cảm biến theo dõi nhịp tim liên tục\"></h3><h3>Theo dõi giấc ngủ</h3><p>Oppo watch trang bị nhiều tính năng tiện ích để người dùng có thể dễ dàng theo dõi sức khoẻ của mình một cách chi tiết, chẳng hạn như tính năng<a href=\"https://www.thegioididong.com/dong-ho-thong-minh-theo-doi-giac-ngu\"> theo dõi giấc ngủ</a> mỗi ngày và đo nhịp tim.</p><p><img src=\"https://cdn.tgdd.vn/Products/Images/7077/225649/oppo-watch-41mm-day-silicone-170220-110240.jpg\" alt=\"Đồng hồ Oppo Watch 41mm dây silicone hồng còn là người bạn đồng hành của sức khỏe\"></p><h3>Theo dõi vận động, rèn luyện thể thao</h3><p>Với tính năng “Huấn luyện viên”, Oppo Watch sẽ hướng dẫn người dùng từng động tác để luyện tập các <a href=\"https://www.thegioididong.com/dong-ho-thong-minh?g=che-do-luyen-tap\">bài tập thể dục</a> được tích hợp sẵn. Người dùng chỉ việc mở&nbsp;ứng dụng và làm theo “Huấn luyện viên” hướng dẫn. Trong quá trình luyện tập, Oppo Watch sẽ theo dõi các chỉ số như nhịp tim,<a href=\"https://www.thegioididong.com/dong-ho-thong-minh?g=tinh-luong-calories-tieu-thu\"> lượng calories tiêu thụ</a> và&nbsp;<a href=\"https://www.thegioididong.com/dong-ho-thong-minh?g=dem-so-buoc-chan\">số bước chân</a> để đo mức độ hiệu quả mỗi buổi tập.</p><h3><img src=\"https://cdn.tgdd.vn/Products/Images/7077/225649/oppo-watch-41mm-day-silicone-den-writeefix111.jpg\" alt=\"Đồng hồ Oppo Watch 41mm dây silicone hồng có nhiều bài tập thể thao\"></h3><h3>Thoải mái rửa tay với hệ số&nbsp;<a href=\"https://www.thegioididong.com/dong-ho-thong-minh-khang-nuoc-3-atm\">kháng nước 3 ATM</a></h3><p>Đồng hồ có hệ số chống nước 3 ATM, nghĩa là thiết bị có thể chịu được áp lực tương đương với độ sâu 30 mét. Nhờ vậy mà chiếc Oppo watch này có thể an toàn đeo trên tay khi có vết nước bắn, mưa hoặc tuyết, đổ xuống như mưa rào, hoặc người dùng nhảy xuống nước.&nbsp;Bật tính năng khóa chống nước trước khi mang sản phẩm đi mưa, rửa tay, không ấn các nút điều chỉnh, không dùng trong phòng tắm hơi, tắm nước nóng.</p><p>- Trường hợp xuống nước (đi bơi): cần khóa cảm ứng màn hình trước khi xuống nước để tránh dòng nước gây thao tác nhầm cho đồng hồ.</p><p>- Trường hợp khác (đi mưa, rửa tay): bạn có thể sử dụng bình thường.</p><p><strong>Oppo Việt Nam không bảo hành, đổi trả trong trường hợp sản phẩm bị vào nước.</strong></p><h3><img src=\"https://cdn.tgdd.vn/Products/Images/7077/225649/Slider/oppo-watch-41mm-day-silicone-hbv-780x433.jpg\" alt=\"Đồng hồ Oppo Watch 41mm dây silicone hồng kháng nước 3 ATM\"></h3><h3>Thoả sức đam mê âm nhạc</h3><p>Oppo watch có thể kết nối với <a href=\"https://www.thegioididong.com/dong-ho-thong-minh?g=nghe-nhac-voi-tai-nghe-bluetooth\">tai nghe không dây</a>, thoả sức trải nghiệm âm nhạc khi luyện tập thể thao hay thư giãn mỗi ngày.</p><h3><img src=\"https://cdn.tgdd.vn/Products/Images/7077/225649/oppo-watch-41mm-day-silicone-writeefix3.jpg\" alt=\"Đồng hồ Oppo Watch 41mm dây silicone hồng mang đến nhiều trải nghiệm về âm nhạc\"></h3><h3>Rất&nbsp;nhiều tính năng tiện&nbsp;ích</h3><p>Gồm: <a href=\"https://www.thegioididong.com/dong-ho-thong-minh?g=man-hinh-luon-hien-thi\">Màn hình luôn hiển thị</a>,&nbsp;dự báo thời tiết, xem phim, chơi game, la bàn, tìm điện thoại,….</p>', 4.312, 50, 11),
(53, 'Điện thoại OPPO Find X3 Pro 5G', '                    <h3>Kết quả của sự sáng tạo không ngừng</h3><p>Nếu nhìn qua mặt lưng của OPPO Find X3 Pro 5G thì bạn sẽ bất ngờ ngay với cụm camera sau, được tạo hình giống như miệng núi lửa, thiết kế này đã ngốn rất nhiều thời gian và công sức của nhà sản xuất để mang đến cho người dùng sự khác biệt mới lạ.</p><p><img src=\"https://cdn.tgdd.vn/Products/Images/42/232190/oppo-find-x3-pro-5g-002.jpg\" alt=\"OPPO Find X3 Pro 5G | Thiết kế cụm camera tạo hình giống như miệng núi lửa độc đáo\"></p><p>OPPO trang bị cho Find X3 Pro 5G cả hai mặt bằng kính cường lực giúp mang lại sự bền bỉ và sang trọng, khung viền cấu tạo từ hợp kim cao cấp và được gia công tỉ mỉ làm chiếc điện thoại trở nên mỏng, nhẹ và đẹp mắt hơn rất nhiều.</p><p><img src=\"https://cdn.tgdd.vn/Products/Images/42/232190/oppo-find-x3-pro-5g-005.jpg\" alt=\"OPPO Find X3 Pro 5G | Thiết kế cạnh viền\"></p><p>Thiết kế màn hình tràn viền cũng làm nổi bật mặt trước của Find X3 Pro 5G, chỉ bằng những quan sát đầu tiên ta đã có thể thấy sự đẳng cấp và sang trọng của chiếc điện thoại này.</p><p><img src=\"https://cdn.tgdd.vn/Products/Images/42/232190/oppo-find-x3-pro-5g-008.jpg\" alt=\"OPPO Find X3 Pro 5G | Thiết kế màn hình đục lỗ\"></p><h3>Mạnh mẽ hàng đầu với Snapdragon 888</h3><p>OPPO Find X3 Pro 5G mang hiệu năng hàng đầu trong thế giới điện thoại Android khi sở hữu con chip Snapdragon 888 8 nhân mới nhất của Qualcomm (05/2021) được sản xuất trên tiến trình 5 nm mang lại tốc độ xử lý nhanh hơn, AI thông minh hơn và tiết kiệm năng lượng hơn so với thế hệ trước</p>                    ', 23.99, 1, 8),
(54, 'Laptop Apple MacBook Air M1 2020 16GB/512GB/7-core', '          <h3>Thiết kế kim loại nguyên khối mỏng, nhẹ</h3><p><a href=\"https://www.thegioididong.com/laptop-apple-macbook-m1\"><strong>Macbook M1</strong></a> được bao bọc bởi lớp <strong>kim loại nguyên khối</strong> cứng cáp nhưng chỉ nhẹ <strong>1.29 kg</strong> và mỏng <strong>16.1 mm</strong> đảm bảo tính linh động cho chiếc máy của bạn lại không kém phần sang trọng.</p><p><img src=\"https://cdn.tgdd.vn/Products/Images/44/243952/apple-macbook-air-m1-2020-z12a00050-2-1.jpg\" alt=\"MacBook Air M1 2020 Gold (Z12A00050) - Thiết kế\"></p><p>Thông tin cá nhân được bảo đảm an toàn nhờ <strong>bảo mật vân tay</strong> trên <a href=\"https://www.thegioididong.com/laptop-apple-macbook-air\">MacBook Air</a>, giúp người dùng mở khóa, xác thực nhanh chóng, thanh toán online dễ dàng.</p><p><img src=\"https://cdn.tgdd.vn/Products/Images/44/243952/apple-macbook-air-m1-2020-z12a00050-6-1.jpg\" alt=\"MacBook Air M1 2020 Gold (Z12A00050) - Cảm biến vân tay\"></p><p>Bàn phím quen thuộc của <strong>Apple</strong> đem đến cho người dùng cảm giác êm ái với hành trình phím sâu, tăng độ chính xác khi nhập liệu. Đèn nền hỗ trợ đáng kể cho người dùng khi làm việc trong điều kiện thiếu sáng.</p><p>Hỗ trợ kết nối đơn giản gồm 2 cổng <strong>Thunderbolt 3 (USB-C)</strong> cho phép truyền dữ liệu, sạc và xuất video chất lượng cao với mức băng thông <strong>40 Gb/s</strong>. Ngoài ra máy còn đạt chuẩn kết nối không dây <strong>Bluetooth 5.0</strong> và <strong>Wi-Fi 6 AX201</strong> tiên tiến, đảm bảo tốc độ truyền tải ổn định, đáp ứng nhu cầu kết nối đa năng của một chiếc <a href=\"https://www.thegioididong.com/laptop\">laptop</a> hiện đại.</p><p><img src=\"https://cdn.tgdd.vn/Products/Images/44/243952/apple-macbook-air-m1-2020-z12a00050-11.jpg\" alt=\"MacBook Air M1 2020 Gold (Z12A00050) - Cổng kết nối\"></p><h3>Hiệu năng ổn định, đa nhiệm mượt mà</h3><p><a href=\"https://www.thegioididong.com/tin-tuc/apple-m1-la-gi-1305904\"><strong>Chip M1</strong></a> độc quyền của Apple với <strong>8 lõi CPU</strong> giúp chiếc máy tính xách tay của bạn có thể đảm nhiệm các tác vụ văn phòng mượt mà và đẩy nhanh tốc độ xử lý các yêu cầu đồ họa cơ bản, xử lý hình ảnh, chỉnh sửa video đều tốt.</p><p>Card tích hợp<strong> 7 nhân GPU</strong> trên <a href=\"https://www.thegioididong.com/laptop-apple-macbook\">Macbook</a> giúp máy có khả năng thực hiện tác vụ đồ hoạ đơn giản trên các phần mềm như Photoshop, Adobe IIIustrator,...</p><p>Bộ nhớ <a href=\"https://www.thegioididong.com/laptop?g=16-gb\"><strong>RAM 16 GB</strong></a> là điểm nhấn ấn tượng trong hiệu năng của chiếc máy này, nó giữ một hiệu năng ổn định khi chạy trên các tác vụ nặng, hỗ trợ đa nhiệm mượt mà và mở được cùng lúc nhiều ứng dụng, chuyển đổi nhanh chóng giữa các cửa sổ làm việc</p>          ', 39.49, 12, 9),
(55, 'Laptop Acer Nitro 5 Gaming AN515 57 50FT i5 ', '          <h3>Ngoại hình nổi bật, đậm chất gaming</h3><p><a href=\"https://www.thegioididong.com/laptop-acer-nitro\">Acer Nitro Gaming</a> mang một phong cách đơn giản phối cùng những đường cắt tinh tế, góc cạnh làm tôn lên sự mạnh mẽ, cá tính của sản phẩm. Được bao bọc bởi chất liệu nhựa nhằm làm giảm trọng lượng cho máy nhưng máy vẫn giữ được sự chắc chắn, cứng cáp, không bị dịch chuyển khi thao tác.</p><p>Trọng lượng máy khoảng <strong>2.2 kg</strong> và độ dày là <strong>23.9 mm</strong>, với khối lượng này thì laptop không phải là quá nặng trong phân khúc gaming, bạn vẫn có thể mang được đi khắp mọi nơi, chẳng hạn cùng bạn đi học, cùng nhau đi ra ngoài chiến game cùng bạn bè,...</p><p><img src=\"https://cdn.tgdd.vn/Products/Images/44/247313/acer-nitro-5-gaming-an515-57-50ft-i5-nhqd8sv003-2-1.jpg\" alt=\"Acer Nitro 5 Gaming AN515 57 50FT i5 11400H (NH.QD8SV.003) - Thiết kế\"></p><p>Dọc thân máy là dãy kết nối bao gồm các cổng USB 3.2, HDMI, LAN (RJ45), USB Type-C để chia sẻ thông tin qua máy chiếu, USB, màn hình rời... kết nối được nhiều thiết bị tương thích khác như bàn phím rời, chuột, loa,... mà không cần adapter chuyển đổi rườm rà.</p><p><img src=\"https://cdn.tgdd.vn/Products/Images/44/247313/acer-nitro-5-gaming-an515-57-50ft-i5-nhqd8sv003-12.jpg\" alt=\"Acer Nitro 5 Gaming AN515 57 50FT i5 11400H (NH.QD8SV.003) - Cổng kết nối\"></p><p>Bluetooth 5.1 và Wi-Fi 6 (802.11ax) là chuẩn kết nối không dây ấn tượng, cải thiện tốc độ truyền tải dữ liệu, phạm vi kết nối rộng hơn, giảm độ trễ tăng độ nhạy cho máy, tạo đường truyền tín hiệu tốt, tránh xảy ra lỗi khi đang sử dụng.</p><p><a href=\"https://www.thegioididong.com/laptop-acer\">Laptop Acer</a> tạo cảm giác phấn khích hơn khi chơi game nhờ <strong>đèn LED chuyển màu RGB</strong> được lắp dưới bàn phím, bạn tự do chuyển đổi màu và hiệu ứng theo ý thích nhờ phần mềm <strong>Nitro Sense</strong> và nhìn thấy được các phím trong điều kiện thiếu ánh sáng. Nhờ cụm phím <strong>WASD</strong>, bạn thực hiện các lệnh chơi game thuận tiện nhất.</p><p><img src=\"https://cdn.tgdd.vn/Products/Images/44/247313/acer-nitro-5-gaming-an515-57-50ft-i5-nhqd8sv003-7-1.jpg\" alt=\"Acer Nitro 5 Gaming AN515 57 50FT i5 11400H (NH.QD8SV.003) - Bàn phím\"></p><h3>Cấu hình mạnh mẽ, hệ thống tản nhiệt độc quyền</h3><p>Sở hữu chip <a href=\"https://www.thegioididong.com/laptop?g=core-i5\"><strong>Core i5</strong></a><strong> Tiger Lake 11400H</strong> từ nhà Intel, laptop Acer Nitro tạo một hiệu năng đáng ngạc nhiên. Với <strong>6 nhân 12 luồng</strong> cùng xung nhịp đạt <strong>2.70 GHz</strong> và có thể ép xung tối đa lên đến <strong>4.5 GHz</strong> nhờ Turbo Boost, bạn không chỉ sử dụng trơn tru các tính năng văn phòng mà còn hỗ trợ bạn xử lý hình ảnh thiết kế tuyệt vời, hỗ trợ bạn chơi các bộ game hiện đại mát mẻ hơn và khả năng tiết kiệm điện năng cao.</p><p>Đáp ứng tốt đa nhiệm nhờ vào <a href=\"https://www.thegioididong.com/laptop?g=16-gb\">RAM 16 GB</a> loại <strong>DDR4 2 khe</strong> <strong>(1 khe 8 GB + 1 khe 8 GB)</strong>, bạn có thể sử dụng nhiều mở nhiều ứng dụng cùng lúc mà máy vẫn chạy ổn định. Cùng tốc độ Bus RAM là <strong>3200 MHz</strong>, khả năng thiết kế đồ hoạ ấn tượng qua các phần mềm AI, Photoshop, Figma,.... và chơi các bộ game có cấu hình nặng như LOL, FIFA, Call of Duty, PUBG,... mượt mà hơn. Hơn thế nữa, bạn có thể nâng cấp lên<strong> 32 GB</strong> hỗ trợ tối ưu nhu cầu lưu trữ của bạn.</p><p><img src=\"https://cdn.tgdd.vn/Products/Images/44/247313/acer-nitro-5-gaming-an515-57-50ft-i5-nhqd8sv003-4-1.jpg\" alt=\"Acer Nitro 5 Gaming AN515 57 50FT i5 11400H (NH.QD8SV.003) - Cấu hình\"></p><p>Card đồ họa rời <strong>NVIDIA</strong> <a href=\"https://www.thegioididong.com/laptop-geforce-rtx\">GeForce RTX</a> <strong>3050 4 GB</strong> hoạt động nâng cấp hiệu năng ngày càng cao, tăng khả năng xử lý hình ảnh với dung lượng lớn một cách chuyên nghiệp, render video, kết xuất 3D tuyệt vời, thỏa sức sáng tạo nội dung và chiến các tựa game với chất lượng hình ảnh đặc sắc, rõ nét.</p>          ', 26.49, 19, 9),
(56, 'Laptop Dell Gaming G3 15 i7 ', '                                        <h3>Sang trọng, tinh tế, phong cách trẻ trung, hiện đại</h3><p>Được đưa vào phân khúc laptop gaming, <a href=\"https://www.thegioididong.com/laptop-dell-gaming-g-series\">Dell G3</a> vì thế trang bị vẻ ngoài cũng mang hơi hướng mạnh mẽ, cá tính, nhưng đủ tinh tế và rất sang trọng để người dùng có thể thoải mái mang theo sử dụng ở mọi nơi.</p><p>Lớp vỏ nhựa màu trắng hiện đại, các đường vát góc cạnh rất tinh tế, ngoại hình chắc chắn, trọng lượng <strong>2.58 kg</strong>, độ dày <strong>30.96 mm</strong> không quá nhẹ nhưng cũng không quá khó khăn để mang kèm nó tới văn phòng, lớp học,…</p><p><img src=\"https://cdn.tgdd.vn/Products/Images/44/244385/dell-g3-15-i7-p89f002bwh-2-1.jpg\" alt=\"Dell G3 15 i7 10750H (P89F002BWH) - Thiết kế\"></p><p><a href=\"https://www.thegioididong.com/laptop-dell\">Laptop Dell</a> trang bị bàn phím với hành trình phím tốt, cụm phím <strong>WASD </strong>nổi bật, vùng phím số độc lập giúp thao tác soạn thảo và tính toán cực nhanh nhạy, thêm sự hỗ trợ của đèn nền để thao tác phím chuẩn xác cả trong điều kiện thiếu sáng.</p><p><img src=\"https://cdn.tgdd.vn/Products/Images/44/244385/dell-g3-15-i7-p89f002bwh-7-1.jpg\" alt=\"Dell G3 15 i7 10750H (P89F002BWH) - Đèn nền bàn phím\"></p><p>Bảo mật tốt hơn nhờ được tích hợp <strong>cảm biến vân tay </strong>ngay trên nút nguồn, thật nhanh chóng để mở máy và truy cập vào các trình duyệt cá nhân trong 1 chạm, cá nhân hóa tốt quyền riêng tư trên máy tính xách tay của bạn.</p><p><img src=\"https://cdn.tgdd.vn/Products/Images/44/244385/dell-g3-15-i7-p89f002bwh-8-1.jpg\" alt=\"Dell G3 15 i7 10750H (P89F002BWH) - Bảo mật vân tay\"></p><p>Với đầy đủ các kết nối thông dụng: USB 3.2, HDMI, LAN (RJ45), Thunderbolt 3, USB 2.0 và Mini DisplayPort, thật đơn giản để liên kết <a href=\"https://www.thegioididong.com/laptop\">laptop</a> với các thiết bị khác phục vụ nhu cầu sao lưu, truyền tải dữ liệu, trình chiếu và kết nối mạng có dây,… Bên cạnh đó, laptop sở hữu 2 kết nối không dây chất lượng cao Bluetooth 5.0 và Wi-Fi 6 AX201 đảm bảo đường truyền nhanh và ổn định khi kết nối mạng không dây hay liên kết các thiết bị di động khác với laptop của bạn.</p>                                        ', 31.49, 2, 9),
(57, 'Điện thoại Xiaomi Redmi 10 (6GB/128GB) ', '                              <h3>Tự tin chia sẻ những khoảnh khắc tuyệt vời</h3><p>Điều nổi bật nhất của Redmi 10 là máy được trang bị bộ 4 camera AI thông minh, trong đó có camera chính độ phân giải lên đến 50 MP. Nhờ đó, Redmi 10 có thể cho ra các bức ảnh với độ chi tiết cao, có thể in ra các khổ lớn hay zoom lớn hình ảnh mà tình trạng mờ, vỡ ảnh được hạn chế nhất.</p><p><img src=\"https://cdn.tgdd.vn/Products/Images/42/246200/xiaomi-redmi-10-003.jpg\" alt=\"Bộ 4 camera thông minh - Xiaomi Redmi 10\"></p><p>Tiếp đến là camera <a href=\"https://www.thegioididong.com/dtdd-camera-goc-rong\">góc siêu rộng</a> có độ phân giải 8 MP sẽ hỗ trợ bạn thu lại khung cảnh hùng vĩ trước mắt vào trong 1 khung hình một cách dễ dàng.</p><p><img src=\"https://cdn.tgdd.vn/Products/Images/42/246200/redmi-10-2.jpg\" alt=\"Camera góc siêu rộng - Xiaomi Redmi 10\"></p><p>Camera macro và camera đo độ sâu đều có độ phân giải 2 MP luôn sẵn sàng để cùng bạn tạo ra những bức ảnh với hiệu ứng đặc sắc để bổ sung vào bộ sưu tập của bản thân hay khoe với bạn bè ở mạng xã hội.</p><p><img src=\"https://cdn.tgdd.vn/Products/Images/42/246200/redmi-10-3.jpg\" alt=\"Camera 2 MP - Xiaomi Redmi 10\"></p><p>Ở mặt trước Xiaomi trang bị cho Redmi 10 một camera selfie với độ phân giải 8 MP, hỗ trợ các tính năng làm đẹp khi selfie. Về khả năng quay video thì chiếc camera này hỗ trợ tối đa chất lượng 1080p | 1920 x 1080 30fps. Bạn có thể quay vlog, học, họp online với chất lượng hình ảnh cực kì sắc nét.</p><p><img src=\"https://cdn.tgdd.vn/Products/Images/42/246200/redmi-10-4.jpg\" alt=\"Camera selfie ấn tượng - Xiaomi Redmi 10\"></p><h3>Hỗ trợ tần số quét 90 Hz, công nghệ AdaptiveSync</h3><p>Redmi 10 trang bị màn hình DotDisplay tràn viền có kích thước 6.5 inch cùng độ phân giải FullHD+, hỗ trợ tần số quét 90 Hz đem đến trải nghiệm tối ưu từ xem phim, đọc báo, chơi game.</p>                              ', 4.69, 4, 8),
(58, 'Điện thoại Xiaomi 11 Lite 5G NE', '                              <h3>Thiết kế mỏng nhẹ, mang đến sự nổi bật cho người dùng</h3><p>Máy được chế tác nguyên khối, sở hữu một thân hình siêu mỏng nhẹ chỉ có trọng lượng 158 g và mỏng 6.8 mm, tạo cảm giác cầm nắm thoải mái, để vào túi quần hay túi áo cũng không quá nặng nề. </p><p><img src=\"https://cdn.tgdd.vn/Products/Images/42/249427/xiaomi-11-lite-5g-ne-2.jpg\" alt=\"Thiết kế mỏng nhẹ, trẻ trung - Xiaomi 11 Lite 5G NE\"></p><p>Thiết kế mặt lưng bằng phẳng với cụm camera được đặt trong một mô-đun hình vuông bo cong nhẹ các góc và chỉ nhô ra 1.77 mm so với mặt lưng, mang đến sự cân đối khi nhìn vào tổng thể. Máy lên kệ với 4 màu sắc tuỳ chọn là trắng, xanh, hồng và đen phù hợp với mọi cá tính, sở thích.</p><p><img src=\"https://cdn.tgdd.vn/Products/Images/42/249427/xiaomi-11-lite-5g-ne-1.jpg\" alt=\"Có nhiều màu sắc để lựa chọn - Xiaomi 11 Lite 5G NE\"></p><p>Bảo mật vân tay với cảm biến được trang bị ở cạnh viền, khi cầm máy lên bạn có thể sẵn tay mở luôn vô cùng nhanh chóng, cũng như khả năng bảo vệ tốt thông tin riêng tư bên trong máy.</p><p><img src=\"https://cdn.tgdd.vn/Products/Images/42/249427/xiaomi-11-lite-5g-ne-3.jpg\" alt=\"Cảm biến vân tay cạnh viền - Xiaomi 11 Lite 5G NE\"></p><h3>Màn hình AMOLED kích thước lớn cho trải nghiệm tốt hơn</h3><p>Màn hình AMOLED 6.55 inch thể hiện màu sắc tốt hơn, màu đen sâu thẳm còn màu sắc thì trong trẻo kết hợp cùng độ phân giải Full HD+ giúp hình ảnh hiển thị thêm phần sắc nét đem đến trải nghiệm tuyệt vời khi xem phim, đọc báo hay chơi game.</p><p><img src=\"https://cdn.tgdd.vn/Products/Images/42/249427/xiaomi-11-lite-5g-ne-4.jpg\" alt=\"Màn hình AMOLED 6.55 inch rực rỡ - Xiaomi 11 Lite 5G NE\"></p><p>Màn hình còn có tần số quét 90 Hz cho mọi phản hồi hình ảnh nhanh nhạy, các chuyển động vuốt chạm vô cùng trơn tru và mượt mà. Xiaomi 11 Lite 5G NE hỗ trợ công nghệ độ sâu màu 10 bit, DCI-P3, TrueColor để mỗi bức ảnh khi hiển thị màu sắc sẽ được chi tiết hơn, rực rỡ và chính xác hơn.</p><p><img src=\"https://cdn.tgdd.vn/Products/Images/42/249427/xiaomi-11-lite-5g-ne-5.jpg\" alt=\"Tần số quét 90 Hz - Xiaomi 11 Lite 5G NE\"></p><p>Kính cường lực Corning Gorilla Glass 5 hạn chế màn hình bị trầy xước trong quá trình sử dụng, giảm khả năng vỡ khi bạn lỡ làm rơi hay va đập mạnh.</p><p><img src=\"https://cdn.tgdd.vn/Products/Images/42/249427/xiaomi-11-lite-5g-ne-6.jpg\" alt=\"Trang bị kính cường lực Corning Gorilla Glass 5 - Xiaomi 11 Lite 5G NE\"></p><h3>Lưu lại những khoảnh khắc thú vị với camera chụp siêu nét</h3><p>Hệ thống 3 camera của Xiaomi 11 Lite 5G NE cho ra những tấm ảnh siêu chân thực, lưu giữ kỷ niệm một cách đẹp nhất. Đầu tiên, camera chính 64 MP có khẩu độ f/1.79 cho khả năng thu sáng tốt, nhờ đó tạo ra những bức ảnh với độ chi tiết cao, màu sắc hài hòa.</p>                              ', 8.49, 4, 8),
(59, 'Điện thoại Samsung Galaxy Z Fold3 5G 512GB', '                    <h3>Đột phá thiết kế màn hình gập</h3><p>Đầu tiên, khung viền Galaxy Z Fold3 được hoàn thiện bằng chất liệu Armor Aluminum cao cấp nhất từ trước đến giờ nhằm tăng cường được độ bền, mà vẫn đảm bảo được trọng lượng cân đối đem tới cảm giác vô cùng chắc chắn và cao cấp. </p><p><img src=\"https://cdn.tgdd.vn/Products/Images/42/248284/samsung-galaxy-z-fold3-5g-512gb-23.jpg\" alt=\"Samsung Galaxy Z Fold3 5G | Thiết kế khung viền cao cấp\"></p><p>Nhờ đó, tổng thể máy cũng đã mỏng nhẹ hơn khi trọng lượng giảm xuống còn 271 g, độ dày phần bản lề khi gập lại còn 16 mm cho cảm giác cầm nắm, sử dụng điện thoại Z Fold3 giờ đây đã thoải mái và dễ chịu hơn rất nhiều.</p><p><img src=\"https://cdn.tgdd.vn/Products/Images/42/248284/samsung-galaxy-z-fold3-5g-512gb-2.jpg\" alt=\"Samsung Galaxy Z Fold3 5G | Trọng lượng giảm so với tiền nhiệm\"></p><p>Khi không dùng có thể gấp gọn như một cuốn sổ ghi chú nhỏ dễ dàng bỏ túi mang theo bên mình mọi lúc mọi nơi.</p><p><img src=\"https://cdn.tgdd.vn/Products/Images/42/248284/samsung-galaxy-z-fold3-5g-512gb-060921-102514.jpg\" alt=\"Samsung Galaxy Z Fold3 5G | Trạng thái khi gập\"></p><p>Đồng thời, Samsung còn tăng cường khả năng kháng nước trên Galaxy Fold3 chuẩn IPX8 khả dụng ở độ sâu 1.5 mét tối đa trong 30 phút, người dùng có thể an tâm sử dụng tại hồ bơi, thậm chí là dưới trời mưa.</p><p><img src=\"https://cdn.tgdd.vn/Products/Images/42/248284/samsung-galaxy-z-fold3-5g-512gb-21.jpg\" alt=\"Samsung Galaxy Z Fold3 5G | Khả năng kháng nước chuẩn IPX8\"></p><p>Ngoài ra, với <a href=\"https://www.thegioididong.com/dtdd-bao-mat-van-tay\">cảm biến vân tay</a> ở cạnh bên, người dùng có thể nhanh chóng mở khóa và sử dụng chỉ bằng thao tác chạm nhẹ.</p><p><img src=\"https://cdn.tgdd.vn/Products/Images/42/248284/samsung-galaxy-z-fold3-5g-512gb-060921-102533.jpg\" alt=\"Samsung Galaxy Z Fold3 5G | Cảm biến vân tay ở cạnh viền\"></p><p>Hệ thống loa kép stereo kích thước lớn ở 2 cạnh trên dưới tích hợp công nghệ Dolby Atmos cho trải nghiệm chơi game, xem phim đã tai với âm lượng lớn, rõ ràng và sống động.</p><p><img src=\"https://cdn.tgdd.vn/Products/Images/42/248284/samsung-galaxy-z-fold3-5g-512gb-060921-102545.jpg\" alt=\"Samsung Galaxy Z Fold3 5G | Hệ thống loa kép, giải trí ấn tượng\"></p>                    ', 43.99, 4, 8),
(60, 'Điện thoại iPhone 13 Pro 128GB ', '                    <h3>Thiết kế đặc trưng với màu sắc thời thượng</h3><p>iPhone 13 Pro không có nhiều sự thay đổi về thiết kế, khi máy vẫn sở hữu kiểu dáng tương tự như <a href=\"https://www.thegioididong.com/dtdd/iphone-12-pro\">iPhone 12 Pro</a> với các cạnh viền vuông vắn và hai mặt kính cường lực cao cấp. Sở hữu 4 phiên bản màu gồm xanh dương, bạc, vàng đồng và xám cho bạn tùy chọn theo sở thích của mình. </p><p><img src=\"https://cdn.tgdd.vn/Products/Images/42/230521/iphone-13-pro-1.jpg\" alt=\"Sở hữu 4 phiên bản màu sắc trẻ trung - iPhone 13 Pro 128GB\"></p><p>Máy đạt tiêu chuẩn <a href=\"https://www.thegioididong.com/dtdd-chong-nuoc-bui\">kháng nước và bụi</a> IP68 có khả năng chống lại một số hạt bụi, và được bảo vệ khi rơi xuống nước ở độ sâu đến 6 mét trong 30 phút theo chuẩn IEC 60529, thoải mái nhắn tin khi lỡ ra ngoài gặp mưa, chụp ảnh tự tin khi đi hồ bơi, bãi biển,...</p><p><img src=\"https://cdn.tgdd.vn/Products/Images/42/230521/iphone-13-pro-2.jpg\" alt=\"Khả năng kháng bụi, nước - iPhone 13 Pro 128GB\"></p><h3>Nâng cấp màn hình với tần số quét 120 Hz</h3><p>Chiếc iPhone 13 Pro vẫn được trang bị màn hình kích thước 6.1 inch, với phần tai thỏ được làm nhỏ hơn giúp hiển thị thêm nhiều thông tin cũng như tăng cường cảm giác trải nghiệm. Bề mặt có lớp phủ oleophobic chống bám vân tay, giữ cho màn hình luôn được sạch mới. </p><p><img src=\"https://cdn.tgdd.vn/Products/Images/42/230521/iphone-13-pro-man-hinh.jpg\" alt=\"Trang bị màn hình 6.1 inch - iPhone 13 Pro 128GB\"></p><p>iPhone 13 Pro đã được nâng cấp lên tần số quét 120 Hz, với ProMotion có thể làm mới từ 10 đến 120 khung hình/giây. Với tần số quét cao, mọi thao tác chuyển cảnh khi lướt ngón tay trên màn hình trở nên mượt mà hơn đồng thời hiệu ứng thị giác khi chúng ta dùng <a href=\"https://www.thegioididong.com/dtdd-choi-game\">điện thoại chơi game</a> hoặc xem video cũng cực kỳ mãn nhãn.</p><p><img src=\"https://cdn.tgdd.vn/Products/Images/42/230521/iphone-13-pro-5.jpg\" alt=\"Chuyển động mượt mà nhờ tần số 120 Hz - iPhone 13 Pro 128GB\"></p><p>Tốc độ làm tươi tự động tăng lên để hiển thị hiệu suất đồ họa, tự động giảm xuống khi không sử dụng để tiết kiệm năng lượng và tốc độ làm mới cũng được tự tinh chỉnh linh động để phù hợp hơn tốc độ lướt của ngón tay bạn. </p><p><img src=\"https://cdn.tgdd.vn/Products/Images/42/230521/iphone-13-pro-4.jpg\" alt=\"Tốc độ làm tươi được tự động hóa - iPhone 13 Pro 128GB\"></p><p>Sử dụng tấm nền OLED có số điểm ảnh lên đến 1170 x 2532 Pixels, độ sáng điển hình 1000 nits, khi hiển thị video HDR 1200 nits, tăng lên 25% khi đặt dưới ánh mặt trời, sắc đen hiển thị sâu, sắc sáng tươi tắn, khung hình sinh động như thực. </p><p><img src=\"https://cdn.tgdd.vn/Products/Images/42/230521/iphone-13-pro-6.jpg\" alt=\"Độ sáng đạt 1200 nits - iPhone 13 Pro 128GB\"></p><h3>Quay chụp đỉnh cao với camera Pro</h3><p>iPhone 13 Pro có bộ camera 3 ống kính 12 MP xếp xen kẽ thành một cụm vuông, đặt ở góc trên bên trái của lưng máy gồm camera tele, camera góc siêu rộng (Ultra Wide) khẩu độ f/1.8, góc nhìn đến 120 độ và camera chính góc rộng (Wide) với khẩu độ f/1.5.</p>                    ', 30.99, 2, 8),
(61, 'Điện thoại Samsung Galaxy A52s 5G', '                              <h3>Thiết kế đặc trưng Galaxy A</h3><p>Samsung Galaxy A52s tiếp tục sử dụng ngôn ngữ thiết kế nguyên khối theo phong cách trẻ trung với các tuỳ chọn màu sắc như: Đen, trắng, tím và xanh mint.</p><p><img src=\"https://cdn.tgdd.vn/Products/Images/42/247507/samsung-galaxy-a52s-5g-3.jpg\" alt=\"Điện thoại Samsung Galaxy A52s 5G | Thiết kế thừa hưỡng từ dòng flagship cao cấp\"></p><p>Máy sử dụng màn hình nốt ruồi Super AMOLED kích thước 6.5 inch, độ phân giải Full HD+ cùng thiết kế tràn viền giúp mở rộng tối đa không gian hiển thị. Từ đó người dùng có thể thoải mái tận hưởng những chương trình giải trí cực kỳ hấp dẫn.</p><p><img src=\"https://cdn.tgdd.vn/Products/Images/42/247507/samsung-galaxy-a52s-5g-2.jpg\" alt=\"Điện thoại Samsung Galaxy A52s 5G | Màn hình giải trí sắc nét\"></p><p>Máy hỗ trợ tần số quét 120 Hz cùng tấm nền chất lượng giúp mọi trải nghiệm vuốt chạm trên máy được trở nên mượt mà, giúp mọi hình ảnh, thước phim trên điện thoại đều được hiển thị tươi tắn và vô cùng sắc nét. </p><p><img src=\"https://cdn.tgdd.vn/Products/Images/42/247507/samsung-galaxy-a52s-5g-5.jpg\" alt=\"Điện thoại Samsung Galaxy A52s 5G | Trải nghiệm sử dụng vượt mà sắc nét\"></p><p>Samsung A52s 5G được tăng cường bảo mật với <a href=\"https://www.thegioididong.com/dtdd-bao-mat-van-tay\">cảm biến vân tay</a> được thiết kế đặt ngay dưới màn hình, giúp bạn có thể mở khóa điện thoại hay đăng nhập dễ dàng bằng vân tay mà không cần nhập mật khẩu.</p><p><img src=\"https://cdn.tgdd.vn/Products/Images/42/247507/samsung-galaxy-a52s-5g-4.jpg\" alt=\"Điện thoại Samsung Galaxy A52s 5G | Cảm biến vân tay trong màn hình\"></p><p>Bên cạnh đó Galaxy A52s còn sở hữu hệ thống âm thanh vòm với vị trí phân bổ loa vô cùng khoa học giúp bạn có thể thoải mái trải nghiệm những tựa game hay là tận hưởng những phút giây giải trí khi xem phim với chất âm cực đã.</p><p><img src=\"https://cdn.tgdd.vn/Products/Images/42/247507/samsung-galaxy-a52s-5g-11.jpg\" alt=\"Điện thoại Samsung Galaxy A52s 5G | Hệ thông âm thanh chất lượng vượt trội\"></p><p>Ngoài ra, Galaxy A52s cũng được chứng nhận IP67 về khả năng <a href=\"https://www.thegioididong.com/dtdd-chong-nuoc-bui\">kháng nước, bụi</a>, có thể sống sót ở độ sâu 1 mét trong 30 phút người dùng có thể thoải mái trải nghiệm trong mọi điều kiện thời tiết và môi trường khác nhau.</p><p><img src=\"https://cdn.tgdd.vn/Products/Images/42/247507/samsung-galaxy-a52s-5g--6.jpg\" alt=\"Điện thoại Samsung Galaxy A52s 5G | Khả năng kháng nước bụi bẩn chuẩn IP67\"></p><h3>Nâng tầm sức mạnh với chip rồng Snapdragon 778G</h3><p>Điểm nâng cấp đáng giá nhất của chiếc Samsung Galaxy A52s 5G là sử dụng một bộ vi xử lý mới của nhà Qualcomm mang tên Snapdragon 778G, được sản xuất trên tiến trình 6 nm cho hiệu năng mạnh hơn khoảng 25 - 30% so với người tiền nhiệm.</p><p><img src=\"https://cdn.tgdd.vn/Products/Images/42/247507/samsung-galaxy-a52s-5g-.jpg\" alt=\"Điện thoại Samsung Galaxy A52s 5G | Nâng tầm sức mạnh với Snapdragon 778G\"></p><p>Kết hợp với đó là <a href=\"https://www.thegioididong.com/dtdd-ram-8gb\">RAM 8 GB</a> giúp bạn thực hiện tác vụ đa nhiệm được tốt hơn và mượt mà hơn, cùng bộ giao diện OneUI mới nhiều tính năng đem đến người dùng trải nghiệm sử dụng tốt nhất.</p><p><img src=\"https://cdn.tgdd.vn/Products/Images/42/247507/samsung-galaxy-a52s-5g-1-1.jpg\" alt=\"Điện thoại Samsung Galaxy A52s 5G | Khe sim\"></p><p>Ngoài ra, máy cũng được trang bị <a href=\"https://www.thegioididong.com/dtdd-rom-128gb\">bộ nhớ trong 128 GB</a> khá thoải mái để bạn lưu giữ những video, hình ảnh mà không lo bị đầy bộ nhớ.                            ', 10.99, 7, 8),
(62, 'Apple Watch S6 40mm viền nhôm dây cao su ', '                              <h3>Thiết kế sang trọng, hiện đại, là phụ kiện thời trang khẳng định đẳng cấp</h3><p>Chiếc <a href=\"https://www.thegioididong.com/dong-ho-thong-minh/apple-watch-s6-40mm-vien-nhom-day-cao-su\">Apple Watch S6 40mm viền nhôm dây cao su</a> này vẫn giữ trọn vẹn nét tinh tế và sắc sảo trong thiết kế từ trước đến nay, mặt kính Ion-X strengthened glass ưu việt, viền nhôm được vát gọt công phu và <a href=\"https://www.thegioididong.com/dong-ho-thong-minh?g=silicon\">dây đeo cao su</a> co dãn tốt, êm tay.</p><p><img src=\"https://cdn.tgdd.vn/Products/Images/7077/229044/apple-watch-s6-40mm-vien-nhom-day-cao-su.jpg\" alt=\"Apple Watch S6 với thiết kế sang trọng và hiện đại\"></p><h3>Công nghệ mới giúp bạn quản lý và theo dõi sức khỏe của bản thân dễ dàng, khoa học hơn</h3><p>Sáng giá nhất trong đợt update lần này chính là tính năng đo nồng độ oxy trong máu SpO2 và điện tâm đồ ECG:</p><p>- Cụm đèn LED và hồng ngoại chiếu ánh sáng sâu vào các mạch máu ở cổ tay, diode quang đo lượng ánh sáng phản xạ trở lại cùng với các thuật toán nâng cao sẽ tính toán màu máu của bạn từ đó cho biết lượng oxy hiện có.</p><p>- Ứng dụng ECG của Apple Watch Series 6 có khả năng tạo ECG tương tự như điện tâm đồ. Đây là một thành tựu quan trọng khi một chiếc đồng hồ có thể mang lại những dữ liệu đáng giá cho các bác sĩ và cả sự an tâm cho bạn.</p><p><img src=\"https://cdn.tgdd.vn/Products/Images/7077/229044/apple-watch-s6-40mm-vien-nhom-day-cao-suzz.jpg\" alt=\"Apple Watch S6 nổi bật với tính năng đo nồng độ oxi trong máu (SpO2) và điện tâm đồ ECG\"></p><h3>Chip xử lý S6 nhanh hơn tới 20% so với S5</h3><p>Một ưu điểm phải kể đến của dòng <a href=\"https://www.thegioididong.com/dong-ho-thong-minh-apple\">Apple Watch</a> S6 này đó là chip xử lý S6 cải thiện hiệu năng thêm 20% so với ở thế hệ S5 giúp nâng cao sự mượt mà và độ chính xác, đem đến những trải nghiệm tốt hơn cho người dùng.</p><p><img src=\"https://cdn.tgdd.vn/Products/Images/7077/229044/apple-watch-s6-40mm-vien-nhom-day-cao-su-254420-074413.jpg\" alt=\"Apple Watch S6 trang bị chip xử lý thế hệ S6 nhanh hơn 20% so với S5\"></p><h3>Hệ điều hành WatchOS 7 mang đến nhiều tính năng mới hỗ trợ người dùng tối ưu</h3><p>WatchOS 7 trên Apple Watch series 6 được điều chỉnh để tối ưu hóa việc theo dõi chế độ luyện tập, ra mắt dịch vụ fitness hỗ trợ tập luyện hiệu quả qua các chương trình như: Yoga, đạp xe, nhảy, chạy, bơi lội,... Đồng thời trang bị thêm nhiều tính năng hữu ích nổi bật như Family Setup, nhận biết rửa tay, chia sẻ màn hình qua iMessage, Siri dịch nhanh,...</p><p><img src=\"https://cdn.tgdd.vn/Products/Images/7077/229044/apple-watch-s6-40mm-vien-nhom-day-cao-su-254420-074419.jpg\" alt=\"Apple Watch S6 có hệ điều hành watchOS 7 với nhiều tính năng mới hữu ích\"></p><h3>Màn hình OLED Retina luôn luôn hiển thị giúp bạn xem giờ và thông báo thuận tiện</h3><p>- Màn hình của đồng hồ sử dụng tấm nền OLED cao cấp mang đến độ sắc nét chân thực và giúp tiết kiệm pin.</p><p>- Tính năng <a href=\"https://www.thegioididong.com/dong-ho-thong-minh?g=man-hinh-luon-hien-thi\">màn hình luôn hiển thị</a> (Always-on) ở đồng hồ thông minh Apple 6 giống với dòng Apple Watch series 5 nhưng ưu điểm là màn hình ở chế độ chờ sáng hơn 2.5 lần nhưng không gây tốn pin hơn.</p><p><img src=\"https://cdn.tgdd.vn/Products/Images/7077/229044/apple-watch-s6-40mm-vien-nhom-day-cao-su-254320-074323.jpg\" alt=\"Apple Watch S6 sở hữu mà hình OLED luôn hiển thị với độ sắc nét cao\"></p><h3>Nhận thông báo và <a href=\"https://www.thegioididong.com/dong-ho-thong-minh?g=nghe-goi-tren-dong-ho\">nghe gọi trên đồng hồ</a> một cách thuận tiện</h3><p>Kết nối đồng hồ với điện thoại qua cổng bluetooth hay wifi cho phép người dùng dễ dàng thực hiện nghe gọi, xem tin nhắn, kiểm tra thông báo ứng dụng (Messenger, Line, Viber,…), thông báo theo dõi sức khỏe, rèn luyện thể thao,… Hỗ trợ bạn dễ dàng quản lý hiệu quả công việc và sinh hoạt thường ngày.</p><p><img src=\"https://cdn.tgdd.vn/Products/Images/7077/229044/apple-watch-s6-40mm-vien-nhom-day-cao-su-254320-074317.jpg\" alt=\"Apple Watch S6 có tính năng nghe gọi trên đồng hồ\"></p><h3>Nhiều giao diện với phong cách đa dạng, phù hợp với mọi người, mọi lứa tuổi</h3><p>Thoải mái lựa chọn giao diện phù hợp với phong cách riêng của bản thân hoặc bạn cũng có thể tìm kiếm các giao diện yêu thích trên App Store.</p>                              ', 11.99, 3, 11),
(63, 'Samsung Galaxy Watch 3 41mm viền thép bạc dây da', '                    <h3>Thiết kế đơn giản, màu sắc sang trọng</h3><p><a href=\"https://www.thegioididong.com/dong-ho-thong-minh/samsung-galaxy-watch-3-41mm-bac\">Samsung Galaxy Watch 3 41mm viền thép bạc dây da</a> sở hữu 2 nút bấm và vòng bezel xoay điều khiển vật lý độc đáo. Màn hình 1.2 inch cùng độ phân giải 360 x 360 pixels giúp hình ảnh hiển thị được chân thật, rõ nét. Viền đồng hồ được làm bằng thép cứng cáp cùng <a href=\"https://www.thegioididong.com/day-dong-ho\">dây đeo</a> bằng da tạo cảm giác chắc chắn và dễ chịu cho người dùng khi đeo.</p><p><img src=\"https://cdn.tgdd.vn/Products/Images/7077/230634/samsung-galaxy-watch-3-41mm-bac1.jpg\" alt=\"Đồng hồ Samsung Galaxy Watch 3 41mm viền thép bạc dây da thiết kế đơn giản sang trọng\"></p><h3>Mặt kính chống trầy, màn hình SUPER AMOLED</h3><p>Màn hình sử dụng công nghệ <a href=\"https://www.thegioididong.com/tin-tuc/loai-man-hinh-tft-lcd-amoled-la-gi--592346#amoled\">SUPER AMOLED</a> giúp hình ảnh và thông tin trên thiết bị đồng hồ được hiển thị rõ ràng và sắc nét. Ngoài ra còn có tính năng <a href=\"https://www.thegioididong.com/dong-ho-thong-minh?g=man-hinh-luon-hien-thi\">màn hình luôn hiển thị</a>, dễ dàng quan sát giờ và thông báo. Đồng hồ được trang bị mặt kính cường lực <a href=\"https://www.thegioididong.com/tin-tuc/kinh-cuong-luc-gorilla-glass-va-nhung-dieu-co-the-ban-chua-biet-1173761\">Gorilla Glass Dx+</a> giúp đồng hồ được bảo vệ khỏi những vết trầy xước, va đập thường gặp. </p><p><img src=\"https://cdn.tgdd.vn/Products/Images/7077/230634/samsung-galaxy-watch-3-41mm-bac4.jpg\" alt=\"Đồng hồ Samsung Galaxy Watch 3 41mm viền thép bạc dây da được trang bị màn hình chống trầy\"></p><h3>Kết nối bluetooth v5.0 (Android 5.0 trở lên, iOS 9 trở lên)</h3><p>Kết nối với các thiết bị qua cổng bluetooth, khi kết nối, người dùng có thể kiểm tra tin nhắn, nhận cuộc gọi, xem thông báo ứng dụng ( Messenger, Zalo, Instagram,…), theo dõi sức khoẻ, luyện tập thể thao,… Đồng hồ có khả năng tương thích với hệ điều hành android 5.0 trở lên và iOS 9 trở lên</p><p><img src=\"https://cdn.tgdd.vn/Products/Images/7077/230634/samsung-galaxy-watch-3-41mm-bac2.jpg\" alt=\"Đồng hồ Samsung Galaxy Watch 3 41mm viền thép bạc dây da có tính năng kết nối bluetooth nhanh chóng\"></p><h3>Thoả sức thay đổi phong cách</h3><p> Với bộ sưu tập hơn 50.000 giao diện tùy chọn người dùng có thể tùy ý thay đổi giao diện, màu sắc của mặt đồng hồ. Thay đổi mặt đồng hồ bằng cách kết nối với ứng dụng Galaxy Wearable trên <a href=\"https://www.thegioididong.com/dtdd\">điện thoại</a> hoặc có thể thay đổi trong mục cài đặt trên đồng hồ.</p><p><img src=\"https://cdn.tgdd.vn/Products/Images/7077/230634/samsung-galaxy-watch-3-41mm-bac11.jpg\" alt=\"Đồng hồ Samsung Galaxy Watch 3 41mm viền thép bạc dây da đa dạng phong cách\"></p><h3>Thời lượng pin lên đến 40 giờ</h3><p>Sở hữu viên <a href=\"https://www.thegioididong.com/sac-dtdd\">pin</a> 247 mAh cho thời gian sử dụng 40 giờ trong một lần sạc, đi kèm với sản phẩm là <a href=\"https://www.thegioididong.com/cap-dien-thoai-sac-khong-day\">đế sạc không dây</a>, Samsung Galaxy Watch 3 cần 2 giờ để có thể sạc đầy 100% pin.</p><p>Lưu ý: Thời gian sử dụng pin có thể thay đổi, phụ thuộc vào cách dùng của người đeo.</p><p><img src=\"https://cdn.tgdd.vn/Products/Images/7077/230634/samsung-galaxy-watch-3-41mm-bac5.jpg\" alt=\"Đồng hồ Samsung Galaxy Watch 3 41mm viền thép bạc dây da có thời lượng pin cao\"></p><h3>Theo dõi sức khoẻ thường xuyên</h3><p>Đồng hồ có hỗ trợ tính năng <a href=\"https://www.thegioididong.com/dong-ho-thong-minh-do-nhip-tim\">theo dõi nhịp tim</a>, <a href=\"https://www.thegioididong.com/dong-ho-thong-minh-theo-doi-giac-ngu\">theo dõi giấc ngủ</a>, khả năng đo Oxy trong máu (<a href=\"https://www.thegioididong.com/hoi-dap/tinh-nang-do-chi-so-spo2-va-vo2-max-tren-smartwatch-la-gi-1279892\">SpO2</a>), huyết áp và theo dõi chu kỳ kinh nguyệt cho phái nữ. Trang bị 8 đèn cảm biến cùng thiết kế dây đeo ôm trọn cổ tay người dùng. </p><p><img src=\"https://cdn.tgdd.vn/Products/Images/7077/230634/samsung-galaxy-watch-3-41mm-bac3.jpg\" alt=\"Đồng hồ Samsung Galaxy Watch 3 41mm viền thép bạc dây da giúp chăm sóc sức khỏe\"></p><h3>Rèn luyện sức khoẻ mỗi ngày</h3><p>Việc định vị vị trí sẽ trở nên dễ dàng hơn khi người dùng chơi các môn thể thao di chuyển như chạy bộ hay đạp xe bằng hệ thống <a href=\"https://www.thegioididong.com/dong-ho-thong-minh?g=dinh-vi\">định vị</a> hàng đầu GPS. Đồng hồ <a href=\"https://www.thegioididong.com/tim-kiem?key=Samsung\">Samsung</a> Galaxy Watch 3 tích hợp thêm một số tính năng <a href=\"https://www.thegioididong.com/dong-ho-thong-minh?g=che-do-luyen-tap\">tập luyện thể dục</a> cùng với hơn 120 bài tập video trong Samsung Health.</p><p><img src=\"https://cdn.tgdd.vn/Products/Images/7077/230634/samsung-galaxy-watch-3-41mm-bac8.jpg\" alt=\"Đồng hồ Samsung Galaxy Watch 3 41mm viền thép bạc dây da cung cấp 120 bài tập\"></p><h3>Tính năng phát hiện té ngã</h3><p>Trong trường hợp người dùng <a href=\"https://www.thegioididong.com/tim-kiem?key=ph%C3%A1t+hi%E1%BB%87n+t%C3%A9+ng%C3%A3\">vô ý bị ngã</a>, đồng hồ sẽ mặc định người dùng trong tình trạng nguy hiểm và sẽ đổ chuông trong vòng 1 phút, nếu không nhận được sự phản hồi nào từ người dùng, đồng hồ sẽ tự động liên lạc các số khẩn cấp đã được cài đặt trước đó.</p>                    ', 3.99, 19, 11),
(74, 'Điện thoại iPhone 11 64GB ', '                                                  <h3>Nâng cấp mạnh mẽ về camera</h3><p>Nói về nâng cấp thì camera chính là điểm có nhiều cải tiến nhất trên thế hệ <a href=\"https://www.thegioididong.com/dtdd-apple-iphone\">iPhone</a> mới.</p><p><img src=\"https://cdn.tgdd.vn/Products/Images/42/153856/iphone-11-tgdd42.jpg\" alt=\"Điện thoại iPhone 11 64GB | Thiết kế nhiều màu sắc\"></p><p>Nếu như trước đây iPhone Xr chỉ có một camera thì nay với iPhone 11 chúng ta sẽ có tới hai camera ở mặt sau.</p><p><img src=\"https://cdn.tgdd.vn/Products/Images/42/153856/iphone-114-1.jpg\" alt=\"Điện thoại iPhone 11 64GB | Camera sau\"></p><p>Ngoài camera chính vẫn có độ phân giải 12 MP thì chúng ta sẽ có thêm một camera góc siêu rộng và cũng với độ phân giải tương tự.</p><p><img src=\"https://cdn.tgdd.vn/Products/Images/42/153856/iphone-116.jpg\" alt=\"Điện thoại iPhone 11 64GB | Ảnh chụp chế độ chân dung\"></p><p><i>Ảnh chụp chân dung với iPhone 11</i></p><p>Theo Apple thì việc chuyển đổi qua lại giữa hai ống kính thì sẽ không làm thay đổi màu sắc của bức ảnh.</p><p><img src=\"https://cdn.tgdd.vn/Products/Images/42/153856/iphone-11-2-1.jpg\" alt=\"Điện thoại iPhone 11 64GB | Ảnh chụp chế độ chân dung\"></p><p><i>Ảnh chụp chế độ chân dung với iPhone 11</i></p><p>Đây là một điều được xem là bước ngoặt bởi những chiếc <a href=\"https://www.thegioididong.com/dtdd\">smartphone</a> Android có nhiều camera hiện nay sẽ thường bị sai lệch về màu sắc khi chuyển đổi qua lại giữa các ống kính gây cảm giác khá khó chịu cho người dùng.</p><p><img src=\"https://cdn.tgdd.vn/Products/Images/42/153856/iphone-11-tgdd7.jpg\" alt=\"Điện thoại iPhone 11 64GB | Ảnh chụp với Deep Fusion\"></p><p><i>Ảnh chụp với </i><a href=\"https://www.thegioididong.com/hoi-dap/deep-fusion-tren-dong-iphone-11-pro-la-gi-tinh-nan-1197418\"><i>Deep Fusion</i></a></p><p>Bên cạnh đó với iPhone 11 thì đây sẽ là lần đầu tiên Apple trang bị khả năng chụp đêm lên chiếc iPhone của mình.</p><p><img src=\"https://cdn.tgdd.vn/Products/Images/42/153856/iphone-113.jpg\" alt=\"Điện thoại iPhone 11 64GB | Ảnh chụp với chế độ Night Mode Ảnh chụp với chế độ Night Mode\"></p><p><i>Ảnh chụp với </i><a href=\"https://www.thegioididong.com/hoi-dap/night-mode-la-gi-diem-khac-nhau-giu-night-mode-va-1197122\"><i>chế độ Night Mode</i></a></p><p>Theo trải nghiệm thì tính năng này hoạt động rất hiệu quả đặc biệt trong những môi trường cực kỳ thiếu sáng.</p><p><img src=\"https://cdn.tgdd.vn/Products/Images/42/153856/iphone-112.jpg\" alt=\"Điện thoại iPhone 11 64GB | Ảnh chụp bằng camera sau\"></p><p>Kích hoạt chế độ chụp đêm sẽ do iPhone tự quyết định việc của bạn chỉ cần đưa máy lên và chụp, rất đơn giản.</p><p><img src=\"https://cdn.tgdd.vn/Products/Images/42/153856/iphone-11-.jpg\" alt=\"Điện thoại iPhone 11 64GB | Ảnh chụp chế độ góc siêu rộng\"></p><p><i>Ảnh chụp chế độ góc siêu rộng</i></p><p>Năm nay Apple cũng đã nâng cấp độ phân giải camera trước nên 12 MP thay vì 7 MP như thế hệ trước đó.</p><p>Camera trước cũng có một tính năng thông minh, khi bạn xoay ngang điện thoại nó sẽ tự kích hoạt chế độ selfie góc rộng để bạn có thể chụp với nhiều người hơn.</p>                                                  ', 15.49, 4, 8),
(77, 'Điện thoại OPPO Reno6 Z 5G ', '                                                  <h3>Bộ 3 camera chuyên nghiệp - Mỗi cảm xúc, một chân dung</h3><p>Hệ thống camera sau được trang bị tối tân, trong đó có camera chính 64 MP, <a href=\"https://www.thegioididong.com/dtdd-camera-goc-rong\">camera góc siêu rộng</a> 8 MP và <a href=\"https://www.thegioididong.com/dtdd-camera-macro\">camera macro</a> 2 MP cùng camera trước 32 MP luôn sẵn sàng bắt trọn mọi cảm xúc trong khung hình, giúp người dùng thoải mái ghi lại những khoảnh khắc trong cuộc sống một cách ấn tượng nhất.</p><p><img src=\"https://cdn.tgdd.vn/Products/Images/42/239747/oppo-reno6-z-5g-01.jpg\" alt=\"OPPO Reno6 Z 5G - Cụm camera sau\"></p><p>Camera chính có độ phân giải cao và nhờ thuật toán có thể tăng độ phân giải bức ảnh lên đến 108 MP. Với tính năng này, chúng ta sẽ rất dễ dàng chụp được những bức ảnh đông người hay các cảnh vật ở xa và khi zoom lên các chi tiết vẫn rất rõ nét.</p><p><img src=\"https://cdn.tgdd.vn/Products/Images/42/239747/oppo-reno6-z-5g-02.jpg\" alt=\"OPPO Reno6 Z 5G - Ảnh chụp trên camera\"></p><p>Đón đầu xu hướng cùng nhà OPPO với tính năng đột phá “Chân dung Bokeh Flare” không chỉ đơn thuần là xóa phông, mà nó sẽ xử lý chủ thể và hậu cảnh một cách độc lập, từ đó kết hợp cùng công nghệ AI chỉnh ánh sáng phía sau thành phông nền ảo diệu làm cho tổng thể bức ảnh lung linh hơn và nghệ thuật hơn.</p><p><img src=\"https://cdn.tgdd.vn/Products/Images/42/239747/reno6-z-5g-34.jpg\" alt=\"OPPO Reno6 Z 5G - Ảnh chụp trên camera\"></p><p>Tính năng chụp ảnh nhanh SnapShot cho độ phơi sáng lên đến 1/1000 ms ở ngoài trời với ánh sáng tốt. Qua đó, bạn có thể bắt trọn từng chuyển động của đối tượng như trẻ em đang chạy nhảy, các bộ môn thể thao với độ rõ nét tốt hơn.</p><p><img src=\"https://cdn.tgdd.vn/Products/Images/42/239747/reno6-z-5g-23.jpg\" alt=\"OPPO Reno6 Z 5G - Ảnh chụp trên camera\"></p><p>Giờ đây mỗi chuyển động đều được Reno6 Z 5G ghi lại rõ ràng và sắc nét với quay phim 4K, tốc độ 30 FPS cho chất lượng hình ảnh trong video mượt mà. Cùng tính năng Live HDR giúp cân bằng ánh sáng để làm cho chủ thể nổi bật, sáng hơn trong điều kiện thiếu sáng dù ban ngày hay lẫn ban đêm.</p><p><img src=\"https://cdn.tgdd.vn/Products/Images/42/239747/oppo-reno6-z-5g-42.jpg\" alt=\"OPPO Reno6 Z 5G - Live HDR\"></p><p>Nhân đôi cảm xúc cùng tính năng video hiển thị kép cho phép bạn quay video cả camera trước và camera sau, cả hai video được hiển thị đồng thời trên màn hình, thật là ý nghĩa để bạn có thể ghi lại những khoảnh khắc đáng nhớ khi đi khám phá, du lịch.</p>                                                  ', 9.49, 9, 8);
INSERT INTO `hanghoa` (`MSHH`, `TenHH`, `QuyCach`, `Gia`, `SoLuongHang`, `MaLoaiHang`) VALUES
(79, 'Điện thoại Samsung Galaxy S20 FE (8GB/256GB)', '          <h3>Nhiếp ảnh chuyên nghiệp với cụm camera đẳng cấp</h3><p>Camera trên S20 FE là 3 cảm biến chất lượng nằm gọn trong mô đun chữ nhật độc đáo ở mặt lưng bao gồm: Camera chính 12 MP cho chất lượng ảnh sắc nét, <a href=\"https://xn--tham%20kho%20in%20thoi%20c%20camera%20gc%20rng%20ti%20th%20gii%20di%20ng-v4gn63tyby8599a5a6iy2igrv2c3a1n/\">camera góc siêu rộng</a> 12 MP cung cấp góc chụp tối đa và cuối cùng camera tele 8 MP hỗ trợ zoom quang 3X.</p><p><img src=\"https://cdn.tgdd.vn/Products/Images/42/224859/samsung-galaxy-s20-fan-edition-122420-082417.jpg\" alt=\"Cụm 3 camera chất lượng đa tính năng - Samsung Galaxy S20 FE\"></p><p>Với hệ thống camera này, tất nhiên S20 FE sẽ không thể thiếu những tính năng camera hàng đầu như <a href=\"https://www.thegioididong.com/dtdd-camera-xoa-phong\">chụp xóa phông</a>, tự động lấy nét (AF), <a href=\"https://www.thegioididong.com/hoi-dap/che-do-chong-rung-quang-hoc-ois-chup-anh-tren-sm-906416\">chống rung quang học OIS</a>,... giúp bạn dễ dàng nhiếp ảnh với các vật thể đang di chuyển mà vẫn giữ được chất lượng khung hình và độ sắc nét cao.</p><p><img src=\"https://cdn.tgdd.vn/Products/Images/42/224859/samsung-galaxy-s20-fan-edition-122520-082533.jpg\" alt=\"Cụm camera tích hợp các chế độ chụp nâng cao - Samsung Galaxy S20 FE\"></p><p>Sự kết hợp giữa ống kính zoom quang học 3X và thu phóng siêu phân giải lên đến 30X cho phép bạn phóng to mọi chi tiết ở khoảng cách xa đến lại gần hơn bạn mà không ảnh hưởng đến chất lượng hình ảnh.</p><p>Ngay cả trong điều kiện thiếu sáng thì camera của S20 FE vẫn không làm bạn thất vọng khi cho khả năng chụp đêm ấn tượng với cảm biến Dual Pixel giúp thu sáng tốt, khử nhiễu đa khung hình cho bức ảnh trong màn đêm của bạn trở nên sống động, rõ nét hơn.</p><p>Với camera selfie 32 MP tích hợp các chế độ làm đẹp AI, xóa phông sẽ giúp bạn có ngay những tấm ảnh selfie cuốn hút, tỏa sáng cùng bạn bè trong từng khung hình.</p><p><img src=\"https://cdn.tgdd.vn/Products/Images/42/224859/samsung-galaxy-s20-fan-edition-122820-082802.jpg\" alt=\"Camera selfie 32 MP hỗ trợ tính năng làm đẹp AI, quay video Full HD - Samsung Galaxy S20 FE\"></p><h3>Ngoại hình trẻ trung với loạt gam màu cá tính</h3><p>Samsung Galaxy S20 FE được hoàn thiện với loạt các gam màu trẻ trung thời thượng cùng lớp phủ mờ ở mặt lưng sang trọng mang lại một phiên bản đầy cá tính để mỗi fan tự tin thể hiện phong cách chất riêng của mình.</p><p><img src=\"https://cdn.tgdd.vn/Products/Images/42/224859/samsung-galaxy-s20-fan-edition-123720-083720.jpg\" alt=\"Mặt lưng phủ mờ sang trọng, cá tính - Samsung Galaxy S20 FE\"></p><p>Mặt trước, thiết bị sở hữu <a href=\"https://www.thegioididong.com/dtdd-man-hinh-sieu-tran-vien\">màn hình tràn viền</a> Infinity-O hỗ trợ công nghệ HDR10+ cùng tấm nền Super AMOLED rộng 6.5 inch có độ phân giải Full HD+, với phần viền được làm mỏng cho bạn cảm giác trải nghiệm thực sự sống động, màu sắc chân thực, sắc nét đáng kinh ngạc.</p><p>Đặc biệt, tần số quét màn hình của S20 FE lên tới 120 Hz giúp cho mọi hoạt động giải trí của bạn như lướt web, xem phim tất cả nội dung hiển thị chuyển động trở nên mượt mà, trơn tru.</p><p><img src=\"https://cdn.tgdd.vn/Products/Images/42/224859/samsung-galaxy-s20-fan-edition-123420-083416.jpg\" alt=\"Màn hình siêu mượt 120 Hz - Samsung Galaxy S20 FE\"></p><p>Thêm vào đó, tính năng <a href=\"https://www.thegioididong.com/dtdd-bao-mat-van-tay\">bảo mật vân tay</a> được đặt ẩn dưới màn hình theo xu hướng, thuận tiện cho việc mở khóa thiết bị. Người dùng còn có thể sử dụng thêm tính năng <a href=\"https://www.thegioididong.com/dtdd-bao-mat-khuon-mat\">bảo mật khuôn mặt</a> với khả năng nhận diện nhanh chóng và chính xác.</p><p><img src=\"https://cdn.tgdd.vn/Products/Images/42/224859/samsung-galaxy-s20-fan-edition-123520-083512.jpg\" alt=\"Cảm biến vân tay ẩn dưới màn hình - Samsung Galaxy S20 FE\"></p><p>Samsung còn tăng thêm sự an toàn cho thiết bị với khả năng <a href=\"https://www.thegioididong.com/dtdd-chong-nuoc-bui\">kháng nước, kháng bụi</a> chuẩn IP68 giúp người dùng hoàn toàn yên tâm sử dụng cho những buổi đi chơi du lịch, tắm biển.</p><p><img src=\"https://cdn.tgdd.vn/Products/Images/42/224859/samsung-galaxy-s20-fan-edition-281220-101256.jpg\" alt=\"Lớp phủ kháng nước, kháng bụi chuẩn IP68 - Samsung Galaxy S20 FE\"></p>          ', 12.99, 9, 8),
(82, 'Điện thoại Samsung Galaxy S21 Ultra 5G 128GB ', '                                                            <h3>Đột phá trong thiết kế thời thượng</h3><p>Không chỉ đơn thuần phục vụ giao tiếp và giải trí, <a href=\"https://www.thegioididong.com/dtdd/samsung-galaxy-s21-ultra\">Samsung Galaxy S21 Ultra 5G</a> còn chính là món phụ kiện thời trang khẳng định vị thế của người sở hữu. Vẻ ngoài mảnh mai và thon gọn đến bất ngờ chỉ 165.1 x 75.6 x 8.9 mm và trọng lượng 228 g dù phải “vác” một viên pin lớn.</p><p><img src=\"https://cdn.tgdd.vn/Products/Images/42/226316/samsung-galaxy-s21-ultra-0023.jpg\" alt=\"Thiết kế tinh tế đẳng cấp | Samsung Galaxy S21 Ultra 5G\"></p><p>Mặt lưng của thiết bị được phủ bởi một lớp nhám mờ, sang trọng bền bỉ vừa hạn chế bám dấu vân tay tối đa vừa tạo nên vẻ ngoài tinh xảo và cuốn hút đến bất ngờ.</p><p><img src=\"https://cdn.tgdd.vn/Products/Images/42/226316/samsung-galaxy-s21-ultra-001.jpg\" alt=\"Mặt lưng phủ nhám mờ tinh xảo | Samsung Galaxy S21 Ultra 5G\"></p><p>Ngoài ra, Galaxy S21 Ultra 5G là mẫu flagship S đầu tiên của Samsung hỗ trợ chiếc bút S Pen, một công cụ vốn đã quen thuộc với nhiều người dùng <a href=\"https://www.thegioididong.com/dtdd-samsung-galaxy-note\">Galaxy Note</a>. Bằng việc sử dụng công nghệ Wacom, chiếc bút mang đến cảm giác cầm thoải mái hơn và thật hơn.</p><p><img src=\"https://cdn.tgdd.vn/Products/Images/42/226316/samsung-galaxy-s21-ultra-5g-20.jpg\" alt=\"Hỗ trợ chiếc bút S Pen sử dụng công nghệ Wacom | Samsung Galaxy S21 Ultra 5G\"></p><p>Máy có hỗ trợ khả năng kháng nước, kháng bụi theo tiêu chuẩn IP68. Nhờ đó, nó có thể ngâm nước ở độ sâu 1.5 m trong 30 phút.</p><h3>Thỏa mãn thị giác hơn bao giờ hết</h3><p>Samsung Galaxy S21 Ultra 5G sở hữu màn hình kích thước lớn lên đến 6.8 inch. Màn hình vô cực “ít cong” hơn và viền bezel mỏng xung quanh, cùng camera selfie đục lỗ Infinity-O khá nhỏ giúp máy đạt tỉ lệ màn hình tới 20:9 đáng mơ ước.</p><p><img src=\"https://cdn.tgdd.vn/Products/Images/42/226316/samsung-galaxy-s21-ultra-006.jpg\" alt=\"Màn hình kích thước lớn lên đến 6.8 inch | Samsung Galaxy S21 Ultra 5G\"></p><p>Tấm nền Dynamic AMOLED 2X với công nghệ hiển thị màu sắc rực rỡ, độ sáng tối đa lên tới 1500 nits mang đến trải nghiệm giải trí sống động đầy cảm xúc với dung lượng màu 100% cho màu sắc chính xác và chân thật, ngay cả khi sử dụng dưới điều kiện ngoài trời.</p><p><img src=\"https://cdn.tgdd.vn/Products/Images/42/226316/samsung-galaxy-s21-ultra-5g-6.jpg\" alt=\"Tấm nền Dynamic AMOLED 2X hiển thị màu sắc rực rỡ | Samsung Galaxy S21 Ultra 5G\"></p><p>Đặc biệt, máy hỗ trợ công nghệ HDR10+ và tần số quét 120 Hz giúp thao tác, cuộn mượt mà cùng khả năng tự điều chỉnh tần số để tiết kiệm pin.</p><p><img src=\"https://cdn.tgdd.vn/Products/Images/42/226316/samsung-galaxy-s21-ultra-192421-082411.jpg\" alt=\"Trang bị kính cường lực Gorilla Glass Victus | Samsung Galaxy S21 Ultra 5G\"></p><p>Không chỉ được bảo vệ bởi kính cường lực Gorilla Glass Victus, màn hình của Samsung Galaxy S21 Ultra 5G cũng đạt chứng nhận bảo vệ mắt (Eye care) từ SGS nhằm ngăn chặn đáng kể tác hại của ánh sáng xanh, nổi bật với tính năng Eye Comfort Shield.</p><p><img src=\"https://cdn.tgdd.vn/Products/Images/42/226316/samsung-galaxy-s21-ultra-008.jpg\" alt=\"Cảm biến vân tay quang học | Samsung Galaxy S21 Ultra 5G\"></p><p>Galaxy S21 Ultra 5G trang bị cảm biến vân tay ẩn dưới màn hình cho tốc độ mở khóa nhanh chóng và chính xác ở độ bảo mật cao. </p><h3>Sức mạnh kinh khủng từ chip Exynos 2100</h3><p>Samsung Galaxy S21 Ultra 5G được tích hợp vi xử lý Exynos 2100, sản xuất trên tiến trình 5 nm bao gồm 8 lõi có tốc độ xung nhịp lên đến 2.9 GHz, tối ưu hóa hiệu suất năng lượng đồng thời tiết kiệm điện năng hết sức có thể.</p><p><img src=\"https://cdn.tgdd.vn/Products/Images/42/226316/samsung-galaxy-s21-ultra-190821-100857.jpg\" alt=\"Tích hợp vi xử lý Exynos 2100 mạnh mẽ | Samsung Galaxy S21 Ultra 5G\"></p><p>Chipset này cải thiện hiệu suất AI nhanh hơn 2 lần, CPU tăng 20% và GPU tăng 35% so với Exynos 990. Ngoài ra, máy sử dụng <a href=\"https://www.thegioididong.com/dtdd-ram-12gb\">RAM 12 GB</a> cho bạn đa nhiệm mượt mà và <a href=\"https://www.thegioididong.com/dtdd-rom-128gb\">bộ nhớ trong 128 GB</a> mang đến không gian lưu trữ rộng lớn .</p>                                       ', 25.99, 3, 8),
(84, 'Điện thoại Xiaomi 11T 5G 256GB ', '                              <h3>Cho ra những tác phẩm đầy chân thật với camera 108 MP</h3><p>Xiaomi đã trang bị cho máy cụm 3 camera sau gồm camera chính 108 MP, camera góc rộng có độ phân giải 8 MP cùng camera telemacro 5 MP kết hợp cùng phần cứng bên trong cho khả năng lấy nét, thu sáng và zoom cực tốt để cho ra những bức ảnh chi tiết dù bạn chụp gần hay chụp xa. </p><p><img src=\"https://cdn.tgdd.vn/Products/Images/42/251216/xiaomi-11t-256gb-23.jpg\" alt=\"Cụm camera sau chất lượng - Xiaomi 11T 5G 256GB\"></p><p>Việc chụp ảnh phong cảnh khi đi du lịch cũng diễn ra vô cùng dễ dàng thông qua <a href=\"https://www.thegioididong.com/dtdd-camera-goc-rong\">camera góc rộng</a> 120 độ, mang đến cho bạn tấm hình toàn cảnh đầy ấn tượng, các góc của ảnh cũng không bị bóp hay méo quá nhiều.</p><p>Không dừng lại ở đó máy còn được trang bị thêm khả năng chụp đêm siêu rõ nét, làm cho khung cảnh ban đêm thông qua bức ảnh càng thêm chân thực.</p><p><img src=\"https://cdn.tgdd.vn/Products/Images/42/251216/xiaomi-11t-256gb-2.jpg\" alt=\"Chế độ chụp đêm - Xiaomi 11T 5G 256GB\"></p><p>Bạn sẽ có những bức ảnh chụp cận cảnh cực chi tiết, màu sắc trung thực thông qua ống kính telemacro với tiêu điểm chụp thích hợp khoảng 3 - 7 cm, khơi gợi sự sáng tạo của bạn bằng những tấm ảnh chụp cận cực chất, làm bật lên những nét đẹp ẩn đằng sau những chi tiết siêu nhỏ.</p><p><img src=\"https://cdn.tgdd.vn/Products/Images/42/251216/xiaomi-11t-256gb-3.jpg\" alt=\"Ảnh chụp từ ống kính telemacro - Xiaomi 11T 5G 256GB\"></p><p>Ghi lại những điều thú vị trong cuộc sống của bạn tựa như một bộ phim điện ảnh với nhiều chế độ quay như Audio Zoom, Magic Zoom, Time Freeze,... thao tác điều chỉnh nhanh chóng với một cái chạm. </p><p><img src=\"https://cdn.tgdd.vn/Products/Images/42/251216/xiaomi-11t-256gb-5.jpg\" alt=\"Quay video chuyên nghiệp - Xiaomi 11T 5G 256GB\"></p><p>Camera trước 16 MP cùng các tính năng thông minh như: Làm đẹp, <a href=\"https://www.thegioididong.com/dtdd-camera-xoa-phong\">xóa phông</a>, selfie ban đêm,... cho những bức ảnh của bạn thêm phần tươi mới, xinh đẹp không cần qua ứng dụng chỉnh sửa.</p><p><img src=\"https://cdn.tgdd.vn/Products/Images/42/251216/xiaomi-11t-256gb-6.jpg\" alt=\"Ảnh chụp từ camera selfie - Xiaomi 11T 5G 256GB\"></p><h3>Sẵn sàng “chiến” mọi tựa game </h3><p>Máy trang bị con chip MediaTek Dimensity 1200 8 nhân, được sản xuất trên tiến trình 6 nm cho mức xung nhịp tối đa là 3 GHz, mang đến một hiệu năng mạnh mẽ giúp máy chạy mượt các tựa game như: PUBG Mobile, Tốc Chiến,... hay chạy các phần mềm chỉnh sửa ảnh như: VSCO, PicsArt, Snapseed, Lightroom,...</p><p><img src=\"https://cdn.tgdd.vn/Products/Images/42/251216/xiaomi-11t-256gb-011021-112302.jpg\" alt=\"Trang bị chip MediaTek Dimensity 1200 - Xiaomi 11T 5G 256GB\"></p><p>Chip đồ họa Mali-G77 MC9 giảm 30% năng lượng tiêu thụ hơn thế hệ trước là Mali-G76. Chip này sử dụng các tập lệnh mới và hỗ trợ đầy đủ cho các API đồ họa, ví dụ như Vulkan API để bạn trải nghiệm game đồ hoạ đã mắt hơn.</p><p><img src=\"https://cdn.tgdd.vn/Products/Images/42/251216/xiaomi-11t-256gb-8.jpg\" alt=\"Trải nghiệm đồ họa mượt mà - Xiaomi 11T 5G 256GB\"></p><p>Máy còn trang bị kết nối 5G bắt kịp xu thế của thị trường công nghệ, có tốc độ truy cập mạng nhanh và ổn định, đáp ứng nhu cầu truy cập internet tra cứu thông tin, giải trí, chơi game online mọi lúc mọi nơi.</p><p><img src=\"https://cdn.tgdd.vn/Products/Images/42/251216/xiaomi-11t-256gb-9.jpg\" alt=\"Hỗ trợ kết nối 5G hiện đại - Xiaomi 11T 5G 256GB\"></p><p>Một chiếc điện thoại ngoài CPU thì không thể nào thiếu RAM và chiếc máy này sở hữu <a href=\"https://www.thegioididong.com/dtdd-ram-8gb\">RAM 8 GB</a> cho khả năng đa nhiệm mượt mà, và góp phần nâng cao khả năng xử lý của cả chiếc điện thoại.</p><p>Bộ nhớ trong 256 GB chuẩn UFS 3.1 cho tốc độ truy xuất dữ liệu nhanh chóng và có một không gian lưu trữ lớn để bạn có thể tha ga tải game, lưu ảnh hay video yêu thích mà không lo nhanh đầy bộ nhớ.</p><p><img src=\"https://cdn.tgdd.vn/Products/Images/42/251216/xiaomi-11t-256gb-20.jpg\" alt=\"Dung lượng bộ nhớ - Xiaomi 11T 5G 256GB\"></p><p>Xiaomi 11T 5G được tích hợp MIUI 12.5 hoạt động dựa trên trên Android 11 với khả năng tối ưu hiệu năng, bộ nhớ nền được sử dụng ít hơn 35% và năng lượng tiêu thụ cũng được giảm 25% giúp kéo dài thời gian sử dụng của bạn.</p><p><img src=\"https://cdn.tgdd.vn/Products/Images/42/251216/xiaomi-11t-256gb-11.jpg\" alt=\"Giao diện MIUI 12.5 - Xiaomi 11T 5G 256GB\"></p><h3>Sử dụng cả ngày dài chỉ với một lần sạc</h3><p>Xiaomi 11T được trang bị viên pin 5000 mAh bạn có thể làm việc, chơi game, nghe nhạc hay xem phim trong khoảng một ngày với tần suất sử dụng cao. Không chỉ có thế máy còn được hỗ trợ thêm công nghệ <a href=\"https://www.thegioididong.com/dtdd-sac-pin-nhanh\">sạc pin nhanh</a> 67 W cho thời gian sạc đầy pin nhanh hơn. Theo hãng công bố thì với công suất sạc này thì thời gian sạc đầy là 36 phút, vô cùng nhanh chóng đối với viên pin 5000 mAh.</p><p><img src=\"https://cdn.tgdd.vn/Products/Images/42/251216/xiaomi-11t-256gb-25.jpg\" alt=\"Dung lượng pin 5000 mAh, hỗ trợ sạc nhanh 67 W - Xiaomi 11T 5G 256GB\"></p><h3>Màn hình lớn, độ phân giải cao cho hình ảnh sắc nét</h3><p>Sử dụng màn hình AMOLED có kích thước cực lớn đến 6.67 inch kết hợp cùng camera selfie “đục lỗ” tạo không gian hiển thị rộng mở hơn. Màn hình đạt độ phân giải Full HD+ với mật độ điểm ảnh dày đặt giúp hiện rõ nét, màu sắc của nội dung cũng được căn chỉnh hợp lý, cực kỳ hút mắt khi xem.</p><p><img src=\"https://cdn.tgdd.vn/Products/Images/42/251216/xiaomi-11t-256gb-21.jpg\" alt=\"Màn hình AMOLED 6.67 inch - Xiaomi 11T 5G 256GB\"></p><p>Màn hình điện thoại có thể đạt độ sáng tối đa 1000 nits giúp hình ảnh hiển thị rõ ràng, hạn chế tình trạng màn hình bị mờ, lóe sáng khi bạn sử dụng ở nơi cường độ ánh sáng cao. Tích hợp thêm công nghệ TrueColor tái tạo màu sắc thêm phần chính xác, khi xem phim giúp bạn cảm nhận được những gì mà đạo diễn muốn truyền tải.</p><p><img src=\"https://cdn.tgdd.vn/Products/Images/42/251216/xiaomi-11t-256gb-27.jpg\" alt=\"Độ sáng đạt 1000 nits - Xiaomi 11T 5G 256GB\"></p><p>Màn hình trên 11T có độ độ làm mới 120 Hz là một trang bị tuyệt vời dành cho các game thủ, nó đem đến những màn chuyển cảnh vô cùng mượt mà, tạo một lợi thế tốt khi chơi game hay xem phim trên điện thoại cũng vô cùng thích mắt. Xiaomi 11T được hỗ trợ tính năng AdaptiveSync giúp tự động điều chỉnh tần số màn hình cho phù hợp với nội dung bạn đang xem giúp tối ưu điện năng tiêu thụ.</p><p><img src=\"https://cdn.tgdd.vn/Products/Images/42/251216/xiaomi-11t-256gb-14.jpg\" alt=\"Tần số 120 Hz cho chuyển động mượt mà - Xiaomi 11T 5G 256GB\"></p><p>Màn hình của máy được phủ một lớp kính cường lực Gorilla Glass Victus có độ bền khá cao, khả năng chống trầy tốt, sử dụng thoải mái hơn không cần lúc nào cũng lo lắng màn hình bị xước hay vỡ.</p><p><br> </p>                              ', 11.99, 16, 8),
(90, 'Laptop Asus TUF Gaming FX516PM i7', '<h3>Sức mạnh tối thượng tạo nên đối thủ đáng gờm khiến ai cũng phải dè chừng</h3><p>Đánh thức sức mạnh thật sự nhờ bộ vi xử lý mạnh mẽ <a href=\"https://www.thegioididong.com/laptop?g=core-i7\">Intel Core i7</a> <strong>Tiger Lake 11370H</strong> sở hữu <strong>4 nhân 8 luồng</strong> cho tốc độ cơ bản đạt <strong>3.30 GHz</strong> và đạt tối đa lên đến <strong>4.8 GHz</strong> nhờ <strong>Turbo Boost,</strong> mang đến không gian giải trí cực đã với hàng loạt các tựa game thịnh hành hay trở thành người cộng sự đắc lực, cùng bạn hoàn thành các nhiệm vụ trong văn phòng nhanh chóng một cách hiệu quả cùng Work, Excel,...</p><p><img src=\"https://cdn.tgdd.vn/Products/Images/44/251247/asus-tuf-gaming-fx516pm-i7-hn002t-4.jpg\" alt=\"Asus TUF Gaming FX516PM i7 11370H (HN002T) - Cấu hình\"></p><p>Nâng cao chất lượng đồ họa nhờ card đồ họa rời <strong>NVIDIA</strong> <a href=\"https://www.thegioididong.com/laptop-geforce-rtx\">GeForce RTX</a><strong>3060 6 GB</strong>, mang đến hình ảnh thật nhất với các chuyển động trơn tru trong các tựa game hấp dẫn như CS:GO, Fifa Online 4,... tuy chiến các game với cường độ cao nhưng ít xảy ra tình trạng lag hay nhoè hình, đồng thời khơi nguồn cảm hứng trong bạn với việc thiết kế 2D, 3D, render video,... cùng hệ thống ứng dụng nhà Adobe đầy chuyên nghiệp.</p><p><img src=\"https://cdn.tgdd.vn/Products/Images/44/251247/asus-tuf-gaming-fx516pm-i7-hn002t-5.jpg\" alt=\"Asus TUF Gaming FX516PM i7 11370H (HN002T) - Card đồ hoạ\"></p><p>Hỗ trợ mở và vận hành nhiều ứng dụng cùng lúc mà không xảy ra tình trạng giật hay đơ máy nhờ <a href=\"https://www.thegioididong.com/laptop-8-gb\">RAM 8 GB</a> chuẩn <strong>DDR4 2 khe (1 khe 8 GB onboard + 1 khe trống)</strong> cho tốc độ Bus RAM lên đến <strong>3200 MHz</strong>, mang đến một phiên bản laptop đa nhiệm hơn, là trợ thủ đắc lực trên mọi lĩnh vực. Không những thế, nhu cầu của người dùng được đáp ứng tối ưu nhờ được nâng cấp RAM tối đa lên đến <strong>32 GB</strong>.</p><p>Tiết kiệm thời gian truy cập vào máy hay các ứng dụng nhờ ổ cứng <a href=\"https://www.thegioididong.com/laptop?g=ssd-512-gb\">SSD 512 GB</a> <strong>NVMe PCle</strong>, đồng thời mang đến không gian lưu trữ rộng lớn cho bạn thỏa sức chứa đựng hàng loạt các ứng dụng yêu thích nhưng vẫn hạn chế tối đa sự sản sinh nhiệt. Bên cạnh đó máy được hỗ trợ tháo lắp thanh ổ cứng khác tối đa <strong>1 TB</strong> một cách dễ dàng, phục vụ tối đa cho mọi nhu cầu của bạn.</p><p>Ấn tượng hơn khi laptop được trang bị thêm 1 khe cắm <strong>SSD M.2 PCle</strong> mở rộng ( nâng cấp tối đa <strong>1 TB</strong>) cho phép bạn nâng cấp không gian lưu trữ tối ưu hơn.</p><p><img src=\"https://cdn.tgdd.vn/Products/Images/44/251247/asus-tuf-gaming-fx516pm-i7-hn002t-6.jpg\" alt=\"Asus TUF Gaming FX516PM i7 11370H (HN002T) - SSD\"></p><h3>Độc đáo với thiết kế tối giản cho một chiếc laptop gaming năng động</h3><p>Tinh xảo với các đường nét tinh tế định hình nên một diện mạo cho&nbsp;<a href=\"https://www.thegioididong.com/laptop-asus-tuf-gaming\">TUF Gaming</a> <strong>FX516PM</strong>, cùng kiểu chữ đơn giản nhưng vẫn nổi bật trên nền xám phong cách, đồng thời phần viền mỏng cũng giúp tối ưu hơn cho màn hình, tạo phong cách riêng cho bạn, phù hợp mọi không gian thiết kế.</p><p>Khung máy mỏng nhẹ với trọng lượng <strong>2 kg</strong> và dày <strong>19.9 mm</strong> cho phép bạn dễ dàng mang theo trong balo di chuyển đến bất kỳ đâu.</p><p><img src=\"https://cdn.tgdd.vn/Products/Images/44/251247/asus-tuf-gaming-fx516pm-i7-hn002t-2.jpg\" alt=\"Asus TUF Gaming FX516PM i7 11370H (HN002T) - Thiết kế\"></p><p><a href=\"https://www.thegioididong.com/laptop-asus\">Laptop Asus </a>sở hữu bàn phím độc đáo cùng bộ phím <strong>WASD</strong> nổi bật được trang bị <strong>đèn nền</strong> thuận tiện, với hành trình phím sâu cùng độ nảy tốt cho bạn trải nghiệm gõ phím hiệu quả hơn ở cả trong điều kiện ánh sáng kém.</p><p><img src=\"https://cdn.tgdd.vn/Products/Images/44/251247/asus-tuf-gaming-fx516pm-i7-hn002t-7.jpg\" alt=\"Asus TUF Gaming FX516PM i7 11370H (HN002T) - Bàn phím\"></p><p>Không phải chuyển đổi rườm rà khi kết nối với các thiết bị ngoại vi khác nhờ các cổng giao tiếp đa dạng được trang bị dọc hai bên <a href=\"https://www.thegioididong.com/laptop\">laptop</a> như 3 cổng USB 3.2, HDMI 2.0, Jack tai nghe 3.5 mm, LAN (RJ45) và Thunderbolt 4 USB-C.</p><p><img src=\"https://cdn.tgdd.vn/Products/Images/44/251247/asus-tuf-gaming-fx516pm-i7-hn002t-11.jpg\" alt=\"Asus TUF Gaming FX516PM i7 11370H (HN002T) - Cổng kết nối\"></p><p>Đường truyền được đảm bảo ổn định hơn bao giờ hết nhờ <strong>Bluetooth 5.1 </strong>và <strong>Wi-Fi 6 (802.11ax)</strong>, hỗ trợ người dùng làm việc và học tập hay giải trí ở bất kỳ đâu mà không lo bị gián đoạn, ngắt quãng trong suốt quá trình sử dụng máy.</p><h3>Thỏa mãn tầm nhìn với không gian hình ảnh cùng âm thanh sống động</h3><p><a href=\"https://www.thegioididong.com/laptop-15-6-inch\">Màn hình 15.6 inch</a> cùng độ phân giải <strong>Full HD (1920 x 1080)</strong>, mang đến hình ảnh đạt chất lượng cao, cho bạn tận hưởng không gian giải trí một cách thật trọn vẹn, chân thật, sắc nét đến từng chi tiết.</p><p>Không còn quá lo lắng mắt sẽ bị ảnh hưởng xấu khi làm việc ở môi trường ánh sáng không tốt nhờ&nbsp;<a href=\"https://www.thegioididong.com/laptop-man-hinh-chong-choi\">công nghệ màn hình chống chói Anti Glare</a>, hỗ trợ bạn làm việc và giải trí ở bất kỳ điều kiện ánh sáng nào cùng khung hình được trải rộng đến&nbsp;<strong>178 độ&nbsp;</strong>đến từ<strong>&nbsp;tấm nền IPS</strong>&nbsp;mà không lo mỏi mắt hay lóa mắt.</p><p><img src=\"https://cdn.tgdd.vn/Products/Images/44/251247/asus-tuf-gaming-fx516pm-i7-hn002t-8.jpg\" alt=\"Asus TUF Gaming FX516PM i7 11370H (HN002T) - Màn hình\"></p><p>Trải nghiệm chơi game ổn định hơn nhờ <a href=\"https://www.thegioididong.com/hoi-dap/adaptive-sync-la-gi-1356381\">Adaptive-Sync</a> giúp cải thiện các vấn đề như rách hình hay giật lag, cho các chuyển động mượt mà, trơn tru ở mọi tựa game hành động đầy kịch tính nhờ tần số quét&nbsp;<a href=\"https://www.thegioididong.com/laptop-144-hz\">màn hình 144 Hz</a>, cho bạn cảm giác như đang trong chính cuộc đua.</p><p><img src=\"https://cdn.tgdd.vn/Products/Images/44/251247/asus-tuf-gaming-fx516pm-i7-hn002t-9.jpg\" alt=\"Asus TUF Gaming FX516PM i7 11370H (HN002T) - Tần số quét\"></p><p>Âm thanh to rõ cùng âm vòm sống động và khả năng khuếch đại âm lớn đến từ <a href=\"https://www.thegioididong.com/hoi-dap/cong-nghe-am-thanh-dts-tren-laptop-la-gi-1261821\">công nghệ DTS Audio</a>, cho bạn tận hưởng không gian âm nhạc hay phim ảnh thật thoải mái, đồng thời trải nghiệm các cuộc chiến trên chiến trường ảo trọn vẹn nhất.</p>', 32.49, 2, 9),
(91, 'Apple Watch S6 LTE 40mm viền thép dây thép ', '<h3>Mang nét hiện đại cùng thiết kế sang trọng, trẻ trung</h3><p><a href=\"https://www.thegioididong.com/dong-ho-thong-minh/apple-watch-s6-lte-40mm-vien-thep-day-thep\">Apple Watch S6 LTE 40mm viền thép dây thép</a>&nbsp;sở hữu các&nbsp;chi tiết được thiết kế tinh xảo, <a href=\"https://www.thegioididong.com/day-dong-ho?g=day-apple-watch\">dây đeo</a>&nbsp;thép bền bỉ dưới hình dáng lưới đan mỏng. Màn hình 1.57 inch hiển thị hình ảnh sắc nét, mặt kính Sapphire giúp bảo vệ chiếc đồng hồ của bạn an toàn trước những va đập không mong muốn.</p><p><img src=\"https://cdn.tgdd.vn/Products/Images/7077/229030/apple-watch-s6-lte-40mm-vien-thep-day-thep-fixx-1.jpg\" alt=\"Apple Watch S6 LTE 40mm viền thép dây thép có thiết kế sang trọng\"></p><h3>Chip S6 cho hiệu năng vượt bậc</h3><p><a href=\"https://www.thegioididong.com/dong-ho-thong-minh-apple-watch-s6\">Apple Watch Series 6</a>&nbsp;sở hữu bộ xử lý S6 hoàn toàn mới, đây là một bước tiến vượt bậc, đem đến tốc độ xử lý nhanh hơn 20% so với dòng chip S5.</p><p><img src=\"https://cdn.tgdd.vn/Products/Images/7077/229030/apple-watch-s6-lte-40mm-vien-thep-day-thep-new-1.jpg\" alt=\"Apple Watch S6 LTE 40mm viền thép dây thép có bộ chip xử lý S6 mang lại hiệu năng cao\"></p><h3>Hệ điều hành watchOS 7.0 với những cập nhật hoàn toàn mới</h3><p>WatchOS 7.0 mang đến nhiều tính năng độc đáo như: Family Setup, nhận biết rửa tay, chia sẻ màn hình qua iMessages, Siri dịch nhanh, 7 loại mặt đồng hồ mới, fitness ... Mẫu <a href=\"https://www.thegioididong.com/dong-ho-thong-minh-apple\">Apple Watch</a> này hứa hẹn đem đến cho khách hàng những trải nghiệm tuyệt vời nhất.</p><p><img src=\"https://cdn.tgdd.vn/Products/Images/7077/229030/apple-watch-s6-lte-40mm-vien-thep-day-thep-new-2.jpg\" alt=\"Apple Watch S6 LTE 40mm viền thép dây thép sử dụng hệ điều hành watchOS 7\"></p><h3>Hỗ trợ cảm biến đo nồng độ oxy trong máu</h3><p>Apple Watch thế hệ thứ 6 được trang bị cảm biến SpO2 giúp theo dõi nồng độ oxy trong máu chỉ trong thời gian 15 giây, bên cạnh đó Apple cũng hỗ trợ tính năng đo điện tâm đồ ECG giúp người dùng theo dõi sức khỏe mình tốt hơn.</p><p><img src=\"https://cdn.tgdd.vn/Products/Images/7077/229030/apple-watch-s6-lte-40mm-vien-thep-day-thepzz.jpg\" alt=\"Apple Watch S6 LTE 40mm viền thép dây thép có hỗ trợ đo nồng độ oxy trong máu\"></p><h3><a href=\"https://www.thegioididong.com/hoi-dap/man-hinh-retina-la-gi-905780\">Màn hình Retina</a> luôn hiển thị</h3><p>Apple Watch S6 sở hữu công nghệ màn hình OLED cao cấp, độ phân giải 324 x 394 pixels, tiết kiệm pin hơn, có độ sáng hơn 2.5 lần so với Series 5 khi sử dụng ngoài trời. Tính năng&nbsp;<a href=\"https://www.thegioididong.com/dong-ho-thong-minh?g=man-hinh-luon-hien-thi\">màn hình luôn hiển thị</a>&nbsp;giúp bạn không bỏ lỡ bất kì thông báo nào.</p><p><img src=\"https://cdn.tgdd.vn/Products/Images/7077/229030/apple-watch-s6-lte-40mm-vien-thep-day-thep-230420-090412.jpg\" alt=\"Apple Watch S6 LTE 40mm viền thép dây thép có màn hình luôn luôn hiển thị\"></p><h3>Cập nhật thêm nhiều mặt đồng hồ độc đáo</h3><p>Apple Watch 2020 sở hữu bộ sưu tập giao diện đồng hồ phong phú, đẹp mắt. Đặc biệt, sản phẩm này còn có bộ mặt đồng hồ nghệ sĩ rất hiện đại, mới lạ.</p><p><img src=\"https://cdn.tgdd.vn/Products/Images/7077/229030/apple-watch-s6-lte-40mm-vien-thep-day-thep-230420-090419.jpg\" alt=\"Apple Watch S6 LTE 40mm viền thép dây thép có bộ sưu tập giao diện hiện đại\"></p><h3>Tích hợp tính năng eSim giúp bạn nghe gọi mà không cần mang <a href=\"https://www.thegioididong.com/dtdd\">điện thoại</a></h3><p>Apple Watch S6 LTE có <a href=\"https://www.thegioididong.com/dong-ho-thong-minh-esim\">hỗ trợ eSim</a>, bạn thoải mái <a href=\"https://www.thegioididong.com/dong-ho-thong-minh?g=nghe-goi-tren-dong-ho\">nghe gọi</a> và nhận thông báo trên chiếc đồng hồ này.</p><p>Xem thêm:&nbsp;<a href=\"https://www.thegioididong.com/hoi-dap/esim-la-gi-esim-co-su-dung-duoc-o-viet-nam-khong-1118062#subhmenuid7\">Cách kết nối eSIM trên smartwatch</a></p><p><img src=\"https://cdn.tgdd.vn/Products/Images/7077/229030/apple-watch-s6-lte-40mm-vien-thep-day-thep-fixx-2.jpg\" alt=\"Apple Watch S6 LTE 40mm viền thép dây thép hỗ trợ tính năng eSim\"></p><h3>Thời gian sử dụng khoảng 1.5 ngày và sạc đầy trong vòng 2 giờ</h3><p>Viên pin có thể dùng được trong khoảng 1.5 ngày và chỉ với 2 giờ đồng hồ thì pin trên Apple Watch S6 LTE sẽ đầy.</p><p><img src=\"https://cdn.tgdd.vn/Products/Images/7077/229030/apple-watch-s6-lte-40mm-vien-thep-day-thep-230420-090427.jpg\" alt=\"Apple Watch S6 LTE 40mm viền thép dây thép có pin sử dụng được 1,5 ngày\"></p><h3>Yên tâm về sức khỏe khi có tính năng đo nhịp tim và theo dõi giấc ngủ</h3><p>Cảm biến điện tử&nbsp;<a href=\"https://www.thegioididong.com/dong-ho-thong-minh-do-nhip-tim\">đo nhịp tim</a>&nbsp;một cách chính xác, bên cạnh đó, chức năng <a href=\"https://www.thegioididong.com/dong-ho-thong-minh-theo-doi-giac-ngu\">theo dõi giấc ngủ</a>, nhắc đi ngủ và báo thức giúp bạn sống lành mạnh hơn.</p><p><img src=\"https://cdn.tgdd.vn/Products/Images/7077/229030/apple-watch-s6-lte-40mm-vien-thep-day-thep-230420-090434.jpg\" alt=\"Apple Watch S6 LTE 40mm viền thép dây thép theo dõi sức khỏe của bạn\"></p><h3>Phát hiện sự cố té ngã nhanh chóng</h3><p><a href=\"https://www.thegioididong.com/dong-ho-thong-minh\">Đồng hồ thông minh</a>&nbsp;Apple có tính năng phát hiện khi bạn bị ngã và bất động 15 giây, nó sẽ phát tín hiệu SOS đến số điện thoại đã được cung cấp.</p><p><img src=\"https://cdn.tgdd.vn/Products/Images/7077/229030/apple-watch-s6-lte-40mm-vien-thep-day-thep-230420-090442.jpg\" alt=\"Apple Watch S6 LTE 40mm viền thép dây thép có chức năng phát hiện té ngã\"></p><h3>Được trang bị nhiều chế độ tập luyện hiệu quả</h3><p>Apple Watch S6 được tích hợp nhiều bài&nbsp;<a href=\"https://www.thegioididong.com/dong-ho-thong-minh?g=che-do-luyen-tap\">luyện tập thể thao</a> như nhảy, Core Training, Cooldown, tập cơ bắp, yoga, ... giúp bạn rèn luyện sức khỏe hiệu quả hơn.</p>', 15.742, 10, 11),
(92, 'Apple Watch S6 LTE 40mm viền thép dây thép  ', '                                                                      <h3>Mang nét hiện đại cùng thiết kế sang trọng, trẻ trung</h3><p><a href=\"https://www.thegioididong.com/dong-ho-thong-minh/apple-watch-s6-lte-40mm-vien-thep-day-thep\">Apple Watch S6 LTE 40mm viền thép dây thép</a> sở hữu các chi tiết được thiết kế tinh xảo, <a href=\"https://www.thegioididong.com/day-dong-ho?g=day-apple-watch\">dây đeo</a> thép bền bỉ dưới hình dáng lưới đan mỏng. Màn hình 1.57 inch hiển thị hình ảnh sắc nét, mặt kính Sapphire giúp bảo vệ chiếc đồng hồ của bạn an toàn trước những va đập không mong muốn.</p><p><img src=\"https://cdn.tgdd.vn/Products/Images/7077/229030/apple-watch-s6-lte-40mm-vien-thep-day-thep-fixx-1.jpg\" alt=\"Apple Watch S6 LTE 40mm viền thép dây thép có thiết kế sang trọng\"></p><h3>Chip S6 cho hiệu năng vượt bậc</h3><p><a href=\"https://www.thegioididong.com/dong-ho-thong-minh-apple-watch-s6\">Apple Watch Series 6</a> sở hữu bộ xử lý S6 hoàn toàn mới, đây là một bước tiến vượt bậc, đem đến tốc độ xử lý nhanh hơn 20% so với dòng chip S5.</p><p><img src=\"https://cdn.tgdd.vn/Products/Images/7077/229030/apple-watch-s6-lte-40mm-vien-thep-day-thep-new-1.jpg\" alt=\"Apple Watch S6 LTE 40mm viền thép dây thép có bộ chip xử lý S6 mang lại hiệu năng cao\"></p><h3>Hệ điều hành watchOS 7.0 với những cập nhật hoàn toàn mới</h3><p>WatchOS 7.0 mang đến nhiều tính năng độc đáo như: Family Setup, nhận biết rửa tay, chia sẻ màn hình qua iMessages, Siri dịch nhanh, 7 loại mặt đồng hồ mới, fitness ... Mẫu <a href=\"https://www.thegioididong.com/dong-ho-thong-minh-apple\">Apple Watch</a> này hứa hẹn đem đến cho khách hàng những trải nghiệm tuyệt vời nhất.</p><p><img src=\"https://cdn.tgdd.vn/Products/Images/7077/229030/apple-watch-s6-lte-40mm-vien-thep-day-thep-new-2.jpg\" alt=\"Apple Watch S6 LTE 40mm viền thép dây thép sử dụng hệ điều hành watchOS 7\"></p><h3>Hỗ trợ cảm biến đo nồng độ oxy trong máu</h3><p>Apple Watch thế hệ thứ 6 được trang bị cảm biến SpO2 giúp theo dõi nồng độ oxy trong máu chỉ trong thời gian 15 giây, bên cạnh đó Apple cũng hỗ trợ tính năng đo điện tâm đồ ECG giúp người dùng theo dõi sức khỏe mình tốt hơn.</p><p><img src=\"https://cdn.tgdd.vn/Products/Images/7077/229030/apple-watch-s6-lte-40mm-vien-thep-day-thepzz.jpg\" alt=\"Apple Watch S6 LTE 40mm viền thép dây thép có hỗ trợ đo nồng độ oxy trong máu\"></p><h3><a href=\"https://www.thegioididong.com/hoi-dap/man-hinh-retina-la-gi-905780\">Màn hình Retina</a> luôn hiển thị</h3><p>Apple Watch S6 sở hữu công nghệ màn hình OLED cao cấp, độ phân giải 324 x 394 pixels, tiết kiệm pin hơn, có độ sáng hơn 2.5 lần so với Series 5 khi sử dụng ngoài trời. Tính năng <a href=\"https://www.thegioididong.com/dong-ho-thong-minh?g=man-hinh-luon-hien-thi\">màn hình luôn hiển thị</a> giúp bạn không bỏ lỡ bất kì thông báo nào.</p><p><img src=\"https://cdn.tgdd.vn/Products/Images/7077/229030/apple-watch-s6-lte-40mm-vien-thep-day-thep-230420-090412.jpg\" alt=\"Apple Watch S6 LTE 40mm viền thép dây thép có màn hình luôn luôn hiển thị\"></p><h3>Cập nhật thêm nhiều mặt đồng hồ độc đáo</h3><p>Apple Watch 2020 sở hữu bộ sưu tập giao diện đồng hồ phong phú, đẹp mắt. Đặc biệt, sản phẩm này còn có bộ mặt đồng hồ nghệ sĩ rất hiện đại, mới lạ.</p><p><img src=\"https://cdn.tgdd.vn/Products/Images/7077/229030/apple-watch-s6-lte-40mm-vien-thep-day-thep-230420-090419.jpg\" alt=\"Apple Watch S6 LTE 40mm viền thép dây thép có bộ sưu tập giao diện hiện đại\"></p><h3>Tích hợp tính năng eSim giúp bạn nghe gọi mà không cần mang <a href=\"https://www.thegioididong.com/dtdd\">điện thoại</a></h3><p>Apple Watch S6 LTE có <a href=\"https://www.thegioididong.com/dong-ho-thong-minh-esim\">hỗ trợ eSim</a>, bạn thoải mái <a href=\"https://www.thegioididong.com/dong-ho-thong-minh?g=nghe-goi-tren-dong-ho\">nghe gọi</a> và nhận thông báo trên chiếc đồng hồ này.</p><p>Xem thêm: <a href=\"https://www.thegioididong.com/hoi-dap/esim-la-gi-esim-co-su-dung-duoc-o-viet-nam-khong-1118062#subhmenuid7\">Cách kết nối eSIM trên smartwatch</a></p><p><img src=\"https://cdn.tgdd.vn/Products/Images/7077/229030/apple-watch-s6-lte-40mm-vien-thep-day-thep-fixx-2.jpg\" alt=\"Apple Watch S6 LTE 40mm viền thép dây thép hỗ trợ tính năng eSim\"></p><h3>Thời gian sử dụng khoảng 1.5 ngày và sạc đầy trong vòng 2 giờ</h3><p>Viên pin có thể dùng được trong khoảng 1.5 ngày và chỉ với 2 giờ đồng hồ thì pin trên Apple Watch S6 LTE sẽ đầy.</p><p><img src=\"https://cdn.tgdd.vn/Products/Images/7077/229030/apple-watch-s6-lte-40mm-vien-thep-day-thep-230420-090427.jpg\" alt=\"Apple Watch S6 LTE 40mm viền thép dây thép có pin sử dụng được 1,5 ngày\"></p><h3>Yên tâm về sức khỏe khi có tính năng đo nhịp tim và theo dõi giấc ngủ</h3><p>Cảm biến điện tử <a href=\"https://www.thegioididong.com/dong-ho-thong-minh-do-nhip-tim\">đo nhịp tim</a> một cách chính xác, bên cạnh đó, chức năng <a href=\"https://www.thegioididong.com/dong-ho-thong-minh-theo-doi-giac-ngu\">theo dõi giấc ngủ</a>, nhắc đi ngủ và báo thức giúp bạn sống lành mạnh hơn.</p><p><img src=\"https://cdn.tgdd.vn/Products/Images/7077/229030/apple-watch-s6-lte-40mm-vien-thep-day-thep-230420-090434.jpg\" alt=\"Apple Watch S6 LTE 40mm viền thép dây thép theo dõi sức khỏe của bạn\"></p><h3>Phát hiện sự cố té ngã nhanh chóng</h3><p><a href=\"https://www.thegioididong.com/dong-ho-thong-minh\">Đồng hồ thông minh</a> Apple có tính năng phát hiện khi bạn bị ngã và bất động 15 giây, nó sẽ phát tín hiệu SOS đến số điện thoại đã được cung cấp.</p><p><img src=\"https://cdn.tgdd.vn/Products/Images/7077/229030/apple-watch-s6-lte-40mm-vien-thep-day-thep-230420-090442.jpg\" alt=\"Apple Watch S6 LTE 40mm viền thép dây thép có chức năng phát hiện té ngã\"></p><h3>Được trang bị nhiều chế độ tập luyện hiệu quả</h3><p>Apple Watch S6 được tích hợp nhiều bài <a href=\"https://www.thegioididong.com/dong-ho-thong-minh?g=che-do-luyen-tap\">luyện tập thể thao</a> như nhảy, Core Training, Cooldown, tập cơ bắp, yoga, ... giúp bạn rèn luyện sức khỏe hiệu quả hơn.</p>                                                                      ', 15.742, 8, 11),
(93, 'Điện thoại OPPO Reno6 Pro 5G', '<h3>Hiệu năng cực mạnh mẽ với Snapdragon 870</h3><p>Reno6 Pro 5G trang bị bộ vi xử lý mạnh mẽ Snapdragon&nbsp;870 đến từ Qualcomm, đạt tốc độ xử lý cao trên xung nhịp lên đến 3.2 GHz, hiệu suất CPU tăng lên 12% và GPU 10% so với thế hệ chipset tiền nhiệm, mang đến trải nghiệm ấn tượng trên từng tác vụ giải trí lẫn công việc.</p><p>Đồng thời, Snapdragon 870 cũng tỏa nhiệt ít hơn so với Snapdragon 888 nên bạn sẽ cảm thấy điện thoại trong tình trạng mát mẻ hơn khi dùng lâu.</p><p><img src=\"https://cdn.tgdd.vn/Products/Images/42/236187/oppo-reno6-pro-1-1.jpg\" alt=\"Bộ vi xử lý mạnh mẽ Snapdragon 870 - OPPO Reno6 Pro\"></p><p>Đi theo chipset mạnh mẽ là bộ nhớ RAM 12 GB gia tăng độ mượt và sự ổn định khi sử dụng giữa các tác vụ được mở, cùng dung lượng 256&nbsp;GB bộ nhớ trong thoải mái lưu trữ các tựa game yêu thích và tạo kho ảnh chụp, video của riêng bạn.</p><p>Với cấu hình này, thật đơn giản để chiến các tựa game mobile đình đám như Liên Quân Mobile, PUBG Mobile,... hay thử trải nghiệm các ứng dụng chỉnh sửa ảnh chuyên nghiệp trên smartphone của bạn.</p><p><img src=\"https://cdn.tgdd.vn/Products/Images/42/236187/oppo-reno6-pro-3-1.jpg\" alt=\"Khả năng đồ họa mượt mà - OPPO Reno6 Pro\"></p><p>Điện thoại thông minh hỗ trợ 5G, công nghệ kết nối siêu tốc cho Reno6 khả năng đăng tải, load thông tin, hình ảnh, video,... cực kỳ nhanh chóng giúp mọi trải nghiệm giải trí trên internet của bạn không có chút trở ngại!</p><p><img src=\"https://cdn.tgdd.vn/Products/Images/42/236187/oppo-reno6-pro-4-1.jpg\" alt=\"Hỗ trợ kết nối 5G - OPPO Reno6 Pro\"></p><h3>Màn hình rực rỡ, sống động</h3><p>OPPO Reno6 Pro 5G sử dụng tấm nền&nbsp;<a href=\"https://www.thegioididong.com/hoi-dap/man-hinh-amoled-la-gi-905766\">AMOLED</a>&nbsp;độ phân giải&nbsp;<a href=\"https://www.thegioididong.com/tin-tuc/do-phan-giai-man-hinh-qhd-hd-fullhd-2k-4k-la-gi--592178#fullhd\">Full HD+</a>&nbsp;(1080 x 2400 Pixels) tỏa sáng rực rỡ với độ sáng tối đa đến 800 nits. Tỷ lệ màn hình so với thân máy đạt 92.1% cùng 2 cạnh tràn viền bo tròn theo thân máy mang đến màn hình trải nghiệm 6.5 inch cực ấn tượng, sắc nét, chân thật, rực rỡ trong mọi không gian sử dụng.</p><p><img src=\"https://cdn.tgdd.vn/Products/Images/42/236187/oppo-reno6-pro-5-1.jpg\" alt=\"Trang bị tấm nền AMOLED rực rỡ - OPPO Reno6 Pro\"></p><p><a href=\"https://www.thegioididong.com/dtdd\">Smartphone</a> có độ tương phản cao và hỗ trợ công nghệ tự động điều chỉnh độ sáng, cho máy khả năng hiển thị tốt trong hầu hết mọi môi trường.</p><p><img src=\"https://cdn.tgdd.vn/Products/Images/42/236187/oppo-reno6-pro-6-1.jpg\" alt=\"Công nghệ tự điều chỉnh độ sáng - OPPO Reno6 Pro\"></p><p>Tốc độ làm tươi màn hình đạt 90 Hz tạo sự khác biệt rõ rệt khi so với đa phần các smartphone hiện hành (chỉ đạt 60 Hz), cảm nhận chạm vuốt, cuộn chuyển màn hình cực nhạy và thao tác chiến game cực chuẩn. Kết hợp cùng hệ thống rung đa chiều để bạn thử sức với các tựa game hành động một cách chân thực hơn.</p><p><img src=\"https://cdn.tgdd.vn/Products/Images/42/236187/oppo-reno6-pro-7-1.jpg\" alt=\"Tốc độ làm tươi đạt 90 Hz - OPPO Reno6 Pro\"></p><h3>Thiết kế hiện đại, sang chảnh</h3><p>OPPO Reno6 Pro 5G được bao bọc bởi khung viền kim loại, mặt lưng kính bóng bẩy và mặt <a href=\"https://www.thegioididong.com/hoi-dap/tim-hieu-ve-cac-mat-kinh-cuong-luc-gorilla-glass-1172198#glass5\">kính cường lực Corning Gorilla Glass 5</a> chống trầy xước, hạn chế tổn thương trước các tác nhân do va đập không mong muốn, tổng thể sang chảnh, bắt mắt.</p><p><img src=\"https://cdn.tgdd.vn/Products/Images/42/236187/oppo-reno6-pro-8-1.jpg\" alt=\"Ngoại hình bóng bẩy, trẻ trung - OPPO Reno6 Pro\"></p><p>Các cạnh được bo viền mềm mại, đặc biệt tỷ lệ màn hình so với khung máy cực tốt cùng thiết kế tràn viền ấn tượng, dù đang trong tình trạng tắt hay mở màn hình đều toát lên sức cuốn hút riêng của nó, kích thích người đối diện đi đến trải nghiệm dùng thử.</p><p><img src=\"https://cdn.tgdd.vn/Products/Images/42/236187/oppo-reno6-pro-9-1.jpg\" alt=\"Thiết kế màn hình tràn viền - OPPO Reno6 Pro\"></p><p>Tính năng&nbsp;<a href=\"https://www.thegioididong.com/dtdd-bao-mat-van-tay\">mở khóa vân tay</a>&nbsp;trang bị phía dưới màn hình để nâng cao mức độ bảo mật trên smartphone, giúp người dùng bật máy an toàn, tiện lợi và nhanh chóng.&nbsp;</p><p><img src=\"https://cdn.tgdd.vn/Products/Images/42/236187/oppo-reno6-pro-10-1.jpg\" alt=\"Tính năng mở khóa vân tay - OPPO Reno6 Pro\"></p><p>Sản phẩm có 2 tông màu hiện đại gồm màu đen sang trọng và xanh nhạt trẻ trung dễ chọn dùng.</p><p><img src=\"https://cdn.tgdd.vn/Products/Images/42/236187/oppo-reno6-pro-11-1.jpg\" alt=\"Có 2 phiên bản màu sắc - OPPO Reno6 Pro\"></p><h3>Cho bạn luôn tự tin thử mình với ống kính</h3><p>Nhắc tới phiên bản Reno6 này của OPPO không thể không nhắc tới cụm camera chất lượng cực đỉnh, bao gồm camera chính 50 MP sử dụng cảm biến Sony IMX 766, <a href=\"https://www.thegioididong.com/dtdd-camera-goc-rong\">camera góc siêu rộng</a> 16 MP, camera tele 13 MP, <a href=\"https://www.thegioididong.com/dtdd-camera-macro\">camera macro</a>&nbsp;2 MP và cảm biến nhiệt độ màu 2 MP.</p><p><img src=\"https://cdn.tgdd.vn/Products/Images/42/236187/oppo-reno6-pro-12-1.jpg\" alt=\"Cụm camera chất lượng - OPPO Reno6 Pro\"></p><p>Trên tay chiếc điện thoại thông minh này, dù bạn muốn chụp phong cảnh thiên nhiên với góc nhìn rộng, zoom chi tiết chụp hình cận cảnh hay thử sức với các video 4K đầy sáng tạo, check in thật nổi bật ở bất cứ đâu đều trở nên đơn giản với chất lượng mỹ mãn từ màu sắc, độ tương phản đến chân thực chi tiết.</p><p><img src=\"https://cdn.tgdd.vn/Products/Images/42/236187/oppo-reno6-pro-13-1.jpg\" alt=\"Hỗ trợ nhiều tính năng chụp - OPPO Reno6 Pro\"></p><p>Máy ảnh hỗ trợ nhận diện khuôn mặt, thuật toán làm đẹp và có nhiều kiểu trang điểm thật vừa vặn mang đến bạn những bức ảnh trông thật tự nhiên. Kết hợp với độ phân giải cao giúp dễ dàng ghi nhận lại các chi tiết rõ ràng, sắc nét hơn bao giờ hết.</p><p><img src=\"https://cdn.tgdd.vn/Products/Images/42/236187/oppo-reno6-pro-14-1.jpg\" alt=\"Camera được tích hợp thuật toán làm đẹp - OPPO Reno6 Pro\"></p><p>Tính năng quay video chân dung Spot với công nghệ tái tạo nguồn sáng nền sẽ khiến người dùng phải kinh ngạc vì sự lung linh của những thước phim mà bạn tự tay sáng tác.</p><p><img src=\"https://cdn.tgdd.vn/Products/Images/42/236187/oppo-reno6-pro-15-1.jpg\" alt=\"Tính năng quay video chân dung Spot - OPPO Reno6 Pro\"></p><p>Camera selfie độ phân giải lên đến 32 MP mang đến người dùng những bức ảnh được cân chỉnh, phối màu đẹp hoàn hảo bất kể khoảng cách gần xa, dù ngoài ánh sáng hay là dưới bóng râm,...</p><p><img src=\"https://cdn.tgdd.vn/Products/Images/42/236187/oppo-reno6-pro-16-1.jpg\" alt=\"Camera trước 32 MP - OPPO Reno6 Pro\"></p><h3>Hỗ trợ&nbsp;<a href=\"https://www.thegioididong.com/dtdd-sac-pin-nhanh\">sạc nhanh</a>&nbsp;an toàn và tiện lợi</h3><p>Reno6 Pro 5G sở hữu viên pin 4500 mAh và sạc pin nhanh lên đến 65 W đi kèm đáp ứng nhu cầu sử dụng tần suất cao của bạn, tự tin mang theo trong các chuyến hành trình dài mà không quá lo lắng vấn đề cạn nguồn.&nbsp;</p><p><img src=\"https://cdn.tgdd.vn/Products/Images/42/236187/oppo-reno6-pro-17-1.jpg\" alt=\"Dung lượng pin - OPPO Reno6 Pro\"></p><p>Công nghệ sạc nhanh luôn thúc đẩy quá trình nạp pin trở lại ngay tức thì, giúp viên pin của máy có khả năng phục hồi tốc độ hơn để cuộc vui của bạn không còn bị gián đoạn.&nbsp;</p><p>Có thể nói, OPPO Reno6 Pro 5G là một chiếc điện thoại hoàn hảo với những thông số kỹ thuật mạnh mẽ, lôi cuốn. Hơn thế nữa, thiết kế bên ngoài của máy cũng vô cùng sang trọng, hứa hẹn mang đến người dùng những trải nghiệm sử dụng di động thông minh tốt nhất.</p>', 18.49, 6, 8);

-- --------------------------------------------------------

--
-- Table structure for table `hinhhanghoa`
--

CREATE TABLE `hinhhanghoa` (
  `MaHinh` int(11) NOT NULL,
  `TenHinh` varchar(255) NOT NULL,
  `MSHH` int(11) NOT NULL
) ENGINE=InnoDB DEFAULT CHARSET=utf8mb4;

--
-- Dumping data for table `hinhhanghoa`
--

INSERT INTO `hinhhanghoa` (`MaHinh`, `TenHinh`, `MSHH`) VALUES
(50, 'apple-macbook-air-m1-2020-z12a00050-600x600.jpg', 54),
(51, 'acer-nitro-5-gaming-an515-57-50ft-i5-nhqd8sv003-600x600.jpg', 55),
(52, 'dell-g3-15-i7-p89f002bwh-16-600x600.jpg', 56),
(53, 'redmi-10-gray-600x600.jpg', 57),
(54, 'xiaomi-11-lite-5g-ne-pink-600x600.jpg', 58),
(55, 'samsung-galaxy-z-fold-3-green-1-600x600.jpg', 59),
(56, 'iphone-13-pro-gold-1-600x600.jpg', 60),
(57, 'samsung-galaxy-a52s-5g-mint-600x600.jpg', 61),
(58, 'apple-watch-s6-40mm-vien-nhom-day-cao-su-hong-thumb-1-600x600.jpg', 62),
(59, 'samsung-galaxy-watch-3-41mm-bac-thumb-1-1-600x600.jpg', 63),
(69, 'iphone-xi-den-600x600.jpg', 74),
(71, 'apple-watch-s6-40mm-vien-nhom-day-cao-su-do-thumb-600x600.jpg', 62),
(74, 'oppo-reno6-z-5g-aurora-1-600x600.jpg', 77),
(76, 'samsung-galaxy-s20-fan-edition-090320-040338-600x600.jpg', 79),
(80, 'samsung-galaxy-s21-ultra-bac-600x600-1-600x600.jpg', 82),
(84, 'oppo-find-x3-pro-black-001-1-600x600.jpg', 53),
(89, 'hp-340s-g7-i3-240q4pa-13-600x600.jpg', 90),
(90, 'apple-watch-s6-lte-40mm-vien-thep-day-thep-vang-thumb-1-600x600.jpg', 92),
(91, 'oppo-watch-41mm-day-silicone-thumb-1-1-600x600.jpg', 52),
(92, 'oppo-reno6-pro-blue-1-600x600.jpg', 93);

-- --------------------------------------------------------

--
-- Table structure for table `khachhang`
--

CREATE TABLE `khachhang` (
  `MSKH` int(11) NOT NULL,
  `HoTenKH` varchar(255) NOT NULL,
  `TenCongTy` varchar(255) NOT NULL,
  `SoDienThoai` int(20) NOT NULL,
  `SoFax` int(100) NOT NULL,
  `password` varchar(255) DEFAULT NULL
) ENGINE=InnoDB DEFAULT CHARSET=utf8mb4;

--
-- Dumping data for table `khachhang`
--

INSERT INTO `khachhang` (`MSKH`, `HoTenKH`, `TenCongTy`, `SoDienThoai`, `SoFax`, `password`) VALUES
(102, 'Phan Anh Kiệt', 'Kiệt', 36252525, 1234, '123'),
(103, 'Trần Toàn Phát', 'Phát', 36363636, 1234, '123'),
(104, 'Nguyễn Quốc Hưng', 'Hưng', 36363636, 12345, '123'),
(105, 'Lê Thị Bích Ngà', 'Ngà', 36363636, 1234, '123'),
(106, 'Đặng Ngọc Tuyết Trinh', 'Trinh', 36363636, 123, '123'),
(107, 'Nguyễn Thế Vinh', 'Vinh', 36363636, 1234, '123'),
(108, 'Trần Điệp Văn', 'Văn', 36362525, 1234, '123'),
(109, 'Văn Trần Phú Quí', 'Quí', 363636, 131213, '123'),
(110, 'Trần Ngọc Thủy Tiên', 'Tiên', 36363636, 1234, '123'),
(111, 'Nguyễn Trần Trung Quân', 'Trung Quân', 36252525, 123, '123'),
(116, 'Lê Thị Bích Ngà', 'Ngà', 36363636, 123, '123'),
(117, 'Phan Văn Tèo Em', 'Tèo nv', 123123, 123, '123'),
(118, 'Lê Thị Bích Ngà', 'Ngà', 36363636, 1234, '123'),
(119, 'Trần Toàn Phát', 'Phát', 36363636, 1234, '123'),
(129, 'Trần Minh Trung', 'Trungcity', 36363636, 123, '123456'),
(130, 'Đặng Ngọc Sơn', 'Sondn', 36363636, 123, '123'),
(131, 'Lê Thị Bích Ngà', 'Ngà', 36363636, 1234, NULL),
(132, 'Đại Học Cần Thơ', 'CTU', 36363636, 1234, '123'),
(134, 'Nguyễn Quốc Hưng', 'Hưng', 36363636, 12345, NULL),
(135, 'Tuấn Sáng tối', 'Tuấn ', 363636, 123, NULL),
(136, 'Nguyễn Xuần Thùy Dương', 'Thùy Dương shop', 36363636, 1234, NULL),
(137, 'test', 'hocb1805861@student.ctu.edu.vn', 122, 123, NULL),
(138, 'test2', 'hocb1805861@student.ctu.edu.vn', 123, 123, NULL),
(139, 'Lê Thị Bích Ngà', 'Ngà', 36363636, 1234, NULL),
(140, 'Nguyễn Đức Phúc', 'hocnguyenctu@gmail.com', 36363636, 1234, '123'),
(141, 'Nguyễn Đức Phúc', 'hocnguyenctu@gmail.com', 36363636, 1234, NULL),
(142, 'Trần Thị Thảo Quyên', 'Quyên ctu', 15151515, 1234, NULL),
(146, 'Đại Học Cần Thơ', 'CTU', 36363636, 1234, NULL),
(147, 'Nguyễn Thị thủy', 'Thuyct', 25252525, 1234, NULL);

-- --------------------------------------------------------

--
-- Table structure for table `loaihanghoa`
--

CREATE TABLE `loaihanghoa` (
  `MaLoaiHang` int(11) NOT NULL,
  `TenLoaiHang` varchar(255) NOT NULL
) ENGINE=InnoDB DEFAULT CHARSET=utf8mb4;

--
-- Dumping data for table `loaihanghoa`
--

INSERT INTO `loaihanghoa` (`MaLoaiHang`, `TenLoaiHang`) VALUES
(8, 'Điện thoại '),
(9, 'Laptop'),
(11, 'Đồng hồ');

-- --------------------------------------------------------

--
-- Table structure for table `nhanvien`
--

CREATE TABLE `nhanvien` (
  `MSNV` int(11) NOT NULL,
  `HoTenNV` varchar(255) NOT NULL,
  `ChucVu` varchar(100) NOT NULL,
  `DiaChi` varchar(255) NOT NULL,
  `SoDienThoai` int(20) NOT NULL,
  `password` int(255) DEFAULT NULL
) ENGINE=InnoDB DEFAULT CHARSET=utf8mb4;

--
-- Dumping data for table `nhanvien`
--

INSERT INTO `nhanvien` (`MSNV`, `HoTenNV`, `ChucVu`, `DiaChi`, `SoDienThoai`, `password`) VALUES
(7, '', '', '', 0, NULL),
(8, 'Nguyễn Quốc Hưng', 'Admin', 'Cái Bè, Tiền Giang', 36363636, 123),
(9, 'Nguyễn Mạnh Tường', 'Admin ', 'Tiền Giang', 36363636, 123),
(10, 'Nguyễn Văn Đạt ', ' Admin', 'Tiền Giang ', 363636, 123456),
(11, 'Nguyễn Hoàng Thái Học', 'Admin', 'Tiền Giang', 363935029, 123),
(12, 'Nguyễn Thế Vinh', 'Admin', 'Thốt Nốt, Cần Thơ', 36363636, 123),
(14, 'Võ Ngọc Quang', 'Admin', 'Cái Bè, Tiền Giang', 363636, 123);

--
-- Indexes for dumped tables
--

--
-- Indexes for table `chitietdathang`
--
ALTER TABLE `chitietdathang`
  ADD PRIMARY KEY (`SoDonDH`,`MSHH`),
  ADD KEY `MSHH` (`MSHH`),
  ADD KEY `SoDonDH` (`SoDonDH`,`MSHH`);

--
-- Indexes for table `dathang`
--
ALTER TABLE `dathang`
  ADD PRIMARY KEY (`SoDonDH`),
  ADD KEY `MSKH` (`MSKH`),
  ADD KEY `MSNV` (`MSNV`);

--
-- Indexes for table `diachikh`
--
ALTER TABLE `diachikh`
  ADD PRIMARY KEY (`MaDC`),
  ADD KEY `MSKH` (`MSKH`);

--
-- Indexes for table `hanghoa`
--
ALTER TABLE `hanghoa`
  ADD PRIMARY KEY (`MSHH`),
  ADD KEY `MaLoaiHang` (`MaLoaiHang`);

--
-- Indexes for table `hinhhanghoa`
--
ALTER TABLE `hinhhanghoa`
  ADD PRIMARY KEY (`MaHinh`),
  ADD KEY `MSHH` (`MSHH`);

--
-- Indexes for table `khachhang`
--
ALTER TABLE `khachhang`
  ADD PRIMARY KEY (`MSKH`);

--
-- Indexes for table `loaihanghoa`
--
ALTER TABLE `loaihanghoa`
  ADD PRIMARY KEY (`MaLoaiHang`);

--
-- Indexes for table `nhanvien`
--
ALTER TABLE `nhanvien`
  ADD PRIMARY KEY (`MSNV`);

--
-- AUTO_INCREMENT for dumped tables
--

--
-- AUTO_INCREMENT for table `dathang`
--
ALTER TABLE `dathang`
  MODIFY `SoDonDH` int(11) NOT NULL AUTO_INCREMENT, AUTO_INCREMENT=111;

--
-- AUTO_INCREMENT for table `diachikh`
--
ALTER TABLE `diachikh`
  MODIFY `MaDC` int(11) NOT NULL AUTO_INCREMENT, AUTO_INCREMENT=46;

--
-- AUTO_INCREMENT for table `hanghoa`
--
ALTER TABLE `hanghoa`
  MODIFY `MSHH` int(11) NOT NULL AUTO_INCREMENT, AUTO_INCREMENT=94;

--
-- AUTO_INCREMENT for table `hinhhanghoa`
--
ALTER TABLE `hinhhanghoa`
  MODIFY `MaHinh` int(11) NOT NULL AUTO_INCREMENT, AUTO_INCREMENT=93;

--
-- AUTO_INCREMENT for table `khachhang`
--
ALTER TABLE `khachhang`
  MODIFY `MSKH` int(11) NOT NULL AUTO_INCREMENT, AUTO_INCREMENT=148;

--
-- AUTO_INCREMENT for table `loaihanghoa`
--
ALTER TABLE `loaihanghoa`
  MODIFY `MaLoaiHang` int(11) NOT NULL AUTO_INCREMENT, AUTO_INCREMENT=13;

--
-- AUTO_INCREMENT for table `nhanvien`
--
ALTER TABLE `nhanvien`
  MODIFY `MSNV` int(11) NOT NULL AUTO_INCREMENT, AUTO_INCREMENT=15;

--
-- Constraints for dumped tables
--

--
-- Constraints for table `chitietdathang`
--
ALTER TABLE `chitietdathang`
  ADD CONSTRAINT `chitietdathang_ibfk_1` FOREIGN KEY (`SoDonDH`) REFERENCES `dathang` (`SoDonDH`),
  ADD CONSTRAINT `chitietdathang_ibfk_2` FOREIGN KEY (`MSHH`) REFERENCES `hanghoa` (`MSHH`);

--
-- Constraints for table `dathang`
--
ALTER TABLE `dathang`
  ADD CONSTRAINT `dathang_ibfk_1` FOREIGN KEY (`MSKH`) REFERENCES `khachhang` (`MSKH`),
  ADD CONSTRAINT `dathang_ibfk_2` FOREIGN KEY (`MSNV`) REFERENCES `nhanvien` (`MSNV`);

--
-- Constraints for table `diachikh`
--
ALTER TABLE `diachikh`
  ADD CONSTRAINT `diachikh_ibfk_1` FOREIGN KEY (`MSKH`) REFERENCES `khachhang` (`MSKH`);

--
-- Constraints for table `hanghoa`
--
ALTER TABLE `hanghoa`
  ADD CONSTRAINT `hanghoa_ibfk_1` FOREIGN KEY (`MaLoaiHang`) REFERENCES `loaihanghoa` (`MaLoaiHang`);

--
-- Constraints for table `hinhhanghoa`
--
ALTER TABLE `hinhhanghoa`
  ADD CONSTRAINT `hinhhanghoa_ibfk_1` FOREIGN KEY (`MSHH`) REFERENCES `hanghoa` (`MSHH`);
COMMIT;

/*!40101 SET CHARACTER_SET_CLIENT=@OLD_CHARACTER_SET_CLIENT */;
/*!40101 SET CHARACTER_SET_RESULTS=@OLD_CHARACTER_SET_RESULTS */;
/*!40101 SET COLLATION_CONNECTION=@OLD_COLLATION_CONNECTION */;
